epsilon,kappa_star,lambda_over_d,gamma_d_over_U0,vph_over_U0,chi
0.0,0.796812136589644,7.885403621073871,0.40237117127470606,0.0,0.0
0.0014306137339055794,0.7968125442856507,7.885399586439136,0.40237117127466393,0.0007153069378201877,0.00022544565746576486
0.0028612274678111588,0.7968137673901887,7.8853874823962435,0.4023711712740344,0.0014306143218363852,0.00045089214767815653
0.004291841201716738,0.7968158059094262,7.885367308958469,0.40237117127130634,0.0021459225982429176,0.0006763403033974406
0.0057224549356223176,0.7968186480417208,7.885339183039054,0.4023711712639619,0.0028612322384244495,0.0009017909519754058
0.007153068669527897,0.7968223292607108,7.8853027537633205,0.40237117124847516,0.0035765436130079688,0.0011272449425429837
0.008583682403433476,0.7968268023283733,7.885258488820607,0.4023711712203129,0.004291857281534801,0.0013527030835243032
0.010014296137339056,0.796832102738501,7.885206037239139,0.4023711711739351,0.005007173595709758,0.0015781662282524608
0.011444909871244635,0.7968382305287284,7.885145398973247,0.40237117110279286,0.005722492982838103,0.0018036352138288859
0.012875523605150214,0.7968451621193149,7.8850768077309095,0.40237117099932973,0.0064378159835331225,0.0020291108530003845
0.014306137339055794,0.7968529093737182,7.8850001465362265,0.40237117085498175,0.007153142999931436,0.0022545939884978726
0.015736751072961373,0.796861460550143,7.884915532044624,0.4023711706601753,0.00786847454740307,0.0024800854387401075
0.017167364806866953,0.7968708511665652,7.8848226133274,0.40237117040432896,0.008583810864309692,0.0027055860820476576
0.018597978540772532,0.7968810340296789,7.884721857924876,0.4023711700758522,0.009299152686469792,0.0029310966895526526
0.02002859227467811,0.7968920446785119,7.884612914807545,0.4023711696621447,0.010014500233291385,0.003156618143971148
0.02145920600858369,0.7969038832034157,7.884495783760356,0.40237116914959714,0.010729853932000993,0.003382151283351964
0.02288981974248927,0.796916514242139,7.884370815373105,0.40237116852358934,0.011445214512130195,0.0036076968807000993
0.02432043347639485,0.7969299733592311,7.884237658541829,0.40237116776849136,0.012160582136336312,0.0038332558315363964
0.02575104721030043,0.7969442488423014,7.884096429966078,0.4023711668676617,0.012875957345202495,0.004058828950047998
0.02718166094420601,0.7969593644568691,7.883946895412417,0.4023711658034476,0.013591340345384036,0.0042844171227032525
0.028612274678111588,0.796975249393566,7.883789756282375,0.4023711645571848,0.014306732301051683,0.004510021029593905
0.030042888412017167,0.7969919747171533,7.883624310532666,0.4023711631091957,0.01502213294010394,0.004735641660988195
0.03147350214592275,0.7970095169094539,7.88345079183465,0.4023711614387902,0.0157375429480581,0.004961279800782168
0.032904115879828326,0.7970278761304472,7.883269199672554,0.4023711595242647,0.01645296277073173,0.005186936284874555
0.034334729613733905,0.7970470643415178,7.88307941686035,0.402371157342901,0.017168392703068795,0.0054126119820153
0.035765343347639485,0.7970670580645367,7.882881676777126,0.4023711548709661,0.01788383348696899,0.005638307664808496
0.037195957081545064,0.7970878574571859,7.882675979061789,0.4023711520837111,0.018599285587344583,0.005864024165949234
0.038626570815450643,0.797109509985667,7.882461855576865,0.4023711489553711,0.019314748788669355,0.006089762465310734
0.04005718454935622,0.797131933062077,7.882240124346242,0.4023711454591644,0.020030224714817,0.006315523146154542
0.0414877982832618,0.7971552096392611,7.882009966444218,0.4023711415672908,0.020745712608454744,0.0065413073059909085
0.04291841201716738,0.7971792926093876,7.881771849106854,0.4023711372509316,0.021461213614711285,0.006767115632129286
0.04434902575107296,0.7972041939981518,7.881525654886548,0.4023711324802494,0.02217672800296761,0.006992949001263933
0.04577963948497854,0.7972299140100069,7.88127138327717,0.4023711272243854,0.022892256219021592,0.007218808252416097
0.04721025321888412,0.7972564528530208,7.8810090337869365,0.4023711214514602,0.023607798708700004,0.007444694225014465
0.0486408669527897,0.7972837989260778,7.880738722701861,0.40237111512857215,0.024323356131815365,0.007670607712727986
0.05007148068669528,0.7973119761033749,7.880460215694721,0.4023711082217963,0.02503892851204304,0.007896549646969807
0.05150209442060086,0.7973409727816273,7.8801736291813524,0.4023711006961839,0.025754516503130216,0.008122520823613944
0.05293270815450644,0.7973708010393592,7.879878845562894,0.4023710925157611,0.026470120317394912,0.00834852213428337
0.05436332188841202,0.7974014256373474,7.879576214900242,0.4023710836435279,0.027185741099791903,0.00857455426976652
0.055793935622317596,0.7974329059641698,7.8792651521981485,0.40237107404145694,0.027901378105250566,0.008800618329326675
0.057224549356223176,0.7974651594809562,7.878946474939551,0.4023710636704927,0.028617033486661128,0.009026714787169774
0.058655163090128755,0.797498257428953,7.87861948117089,0.4023710524905507,0.029332706215193807,0.009252844804851739
0.060085776824034334,0.7975321764127811,7.878284404073472,0.402371040460515,0.030048397227986166,0.009479009120075385
0.061516390557939914,0.7975669167194321,7.877941242878663,0.4023710275382385,0.03076410697032093,0.009705208577268396
0.0629470042918455,0.7976024904717245,7.877589879970829,0.402371013680541,0.03147983561024468,0.009931444081276093
0.06437761802575107,0.7976388742914133,7.8772305484249205,0.40237099884320837,0.032195584141506216,0.010157716359254953
0.06580823175965665,0.7976760803185543,7.876863130545895,0.40237098298099044,0.03291135273827943,0.010384026315892709
0.06723884549356224,0.7977140851818433,7.876487859365427,0.4023709660476008,0.03362714243845362,0.010610374669996779
0.06866945922746781,0.7977529602038196,7.876104032975674,0.4023709479957145,0.03434295191008165,0.010836762652681884
0.07010007296137338,0.7977926347041664,7.87571235163068,0.4023709287769671,0.0350587833753577,0.011063190728292422
0.07153068669527897,0.7978331208378151,7.875312697699903,0.4023709083419536,0.0357746370023017,0.011289659805343895
0.07296130042918456,0.7978744544481392,7.874904719847732,0.40237088664022647,0.03649051229067918,0.011516170937325456
0.07439191416309013,0.797916588531142,7.874488884541293,0.4023708636202945,0.037206410958597246,0.011742724699368287
0.0758225278969957,0.7979595707811556,7.874064723640968,0.4023708392296205,0.037922332152842325,0.01196932222255767
0.07725314163090129,0.7980033542060968,7.87363270349971,0.4023708134146219,0.0386382776418041,0.01219596407253415
0.07868375536480687,0.798047986517884,7.873192356007256,0.40237078612066646,0.039354246521740875,0.012422651392730199
0.08011436909871245,0.798093432566654,7.872744030699484,0.4023707572920728,0.04007024025863785,0.012649384815524092
0.08154498283261802,0.7981396927370352,7.872287726516717,0.40237072687210734,0.040786259315919206,0.012876165190549908
0.0829755965665236,0.7981867910806952,7.8718232090417635,0.4023706948029841,0.04150230342646628,0.013102993525995444
0.08440621030042919,0.7982347279953024,7.871350477270344,0.40237066102586205,0.04221837301588184,0.013329870681207837
0.08583682403433476,0.7982834801879665,7.8708697638339284,0.40237062548084274,0.042934469266491124,0.013556797352853273
0.08726743776824034,0.7983330599129338,7.870380950858819,0.4023705881069708,0.04365059225701809,0.013783774476778816
0.08869805150214592,0.7983834557355828,7.8698841540881315,0.40237054884222995,0.04436674282285708,0.014010802826188282
0.09012866523605151,0.7984347035902406,7.869379022387958,0.4023705076235419,0.04508292023654071,0.014237883512747032
0.09155927896995708,0.7984867802283103,7.868865788088618,0.40237046438676555,0.04579912571107208,0.01446501722975598
0.09298989270386265,0.7985396505442771,7.868344800282649,0.4023704190666936,0.046515360920018914,0.014692204571831128
0.09442050643776824,0.798593386041251,7.867815357608072,0.402370371597051,0.0472316238684605,0.014919446927074278
0.09585112017167383,0.7986479397879082,7.867277925800662,0.4023703219104945,0.04794791663309281,0.015146744804755027
0.0972817339055794,0.798703324076795,7.866732387075254,0.40237026993860847,0.048664239248563744,0.01537409915624988
0.09871234763948497,0.7987595328977299,7.8661788040081655,0.4023702156119046,0.04938059239650816,0.015601510794046935
0.10014296137339056,0.7988165796515067,7.8656170480596455,0.4023701588598189,0.05009697604958365,0.01582898068476992
0.10157357510729614,0.7988744583363885,7.865047181836267,0.4023700996107103,0.05081339088608138,0.016056509643497852
0.10300418884120172,0.7989331695017774,7.864469203472729,0.4023700377918582,0.051529837347306914,0.01628409853747533
0.10443480257510729,0.798992730264152,7.863882948099323,0.40236997332946073,0.052246315231290384,0.016511748373956345
0.10586541630901287,0.7990530791272213,7.863289024607098,0.40236990614863205,0.05296282739538017,0.01673945949991863
0.10729603004291846,0.7991143023447203,7.862686587818271,0.4023698361734002,0.05367937093449793,0.016967233508873903
0.10872664377682403,0.799176348205172,7.862076150389911,0.40236976332670543,0.05439594833882803,0.017195070829160528
0.1101572575107296,0.7992392170058753,7.861457713145973,0.402369687530398,0.055112560079604356,0.01742297232652682
0.11158787124463519,0.7993029451075241,7.860830922291119,0.40236960870523497,0.05582920513278304,0.01765093919103876
0.11301848497854078,0.7993674973045225,7.8601961280219275,0.40236952677087917,0.05654588540518086,0.017878971980201334
0.11444909871244635,0.7994328859100654,7.859553213184217,0.402369441645896,0.057262600858075205,0.018107071673192192
0.11587971244635192,0.7994991116953822,7.858902174207227,0.402369353247751,0.0579793519251386,0.018335239148148417
0.11731032618025751,0.7995661750762333,7.858243011068504,0.40236926149280783,0.05869613905529329,0.018563475281009725
0.1187409399141631,0.7996340767013482,7.857575721508758,0.4023691662963259,0.05941296268770349,0.01879178095094038
0.12017155364806867,0.7997028169672046,7.8569003058010445,0.4023690675724577,0.060129823272845946,0.01902015703578768
0.12160216738197424,0.7997723966395233,7.856216760643678,0.4023689652342461,0.060846721245112145,0.01924860441802166
0.12303278111587983,0.7998428161290444,7.855525086276295,0.40236885919362225,0.06156365705495831,0.0194771239777971
0.12446339484978541,0.7999140643049577,7.854825396324319,0.4023687493614025,0.062280631687178,0.01970571648086123
0.125894008583691,0.7999861941021555,7.85411717539871,0.4023686356472872,0.06299764315504756,0.019934383336921047
0.12732462231759656,0.8000591081444498,7.853401383995198,0.40236851795985523,0.06371469647139026,0.020163124442780015
0.12875523605150213,0.800132905102746,7.8526770579104666,0.40236839620656484,0.06443178747945955,0.02039194168002262
0.13018584978540773,0.8002075331342963,7.851944710604342,0.4023682702937478,0.06514891909410876,0.020620835401702453
0.1316164635193133,0.8002830215038557,7.851204059499486,0.40236814012660826,0.06586609037622924,0.02084980679588292
0.13304707725321888,0.800359320331898,7.850455598585439,0.4023680056092212,0.06658330423740713,0.021078856218729538
0.13447769098712448,0.8004364808016047,7.849698830427157,0.40236786664452634,0.06730055864877381,0.02130798509666504
0.13590830472103005,0.800514486752049,7.848933918326125,0.4023677231343283,0.06801785487392469,0.021537194145008383
0.13733891845493562,0.8005933388023649,7.848160861016929,0.4023675749792922,0.06873519335645532,0.02176648425781352
0.1387695321888412,0.8006730375243257,7.84737965775286,0.402367422078941,0.06945257454275158,0.02199585632985532
0.14020014592274677,0.800753583820802,7.846590304596975,0.4023672643316535,0.07016999886243262,0.022225311260878
0.14163075965665237,0.800834978143444,7.845792802089814,0.4023671016346599,0.07088746676863258,0.022454849946891918
0.14306137339055794,0.8009172213320404,7.844987147023442,0.4023669338840393,0.07160497869463098,0.022684473289576224
0.1444919871244635,0.801000302117171,7.844173454831577,0.4023667609747174,0.0723225357231825,0.022914182051386563
0.1459226008583691,0.8010842737346365,7.843351209339712,0.4023665828004625,0.07304013546860375,0.023143977747106706
0.14735321459227468,0.8011690504399104,7.84252125532006,0.40236639925388323,0.07375778303591887,0.023373860271155098
0.14878382832618026,0.8012546957224931,7.841682976364993,0.40236621022642427,0.07447547547207158,0.0236038312640295
0.15021444206008583,0.8013412103415082,7.840836370441846,0.4023660156083644,0.07519321318896535,0.023833891639169647
0.1516450557939914,0.8014285439237996,7.839981935778165,0.40236581528881243,0.07591099947614778,0.024064041688259746
0.153075669527897,0.8015167484056295,7.839119169596951,0.4023656091557042,0.07662883191992849,0.02429428293955054
0.15450628326180257,0.8016058073178959,7.838248238498402,0.402365397095799,0.07734671192053455,0.024524616096851862
0.15593689699570815,0.8016957215779067,7.8373691390206615,0.4023651789946775,0.07806463990890251,0.024755042075394675
0.15736751072961375,0.8017864918105245,7.836481870618004,0.40236495473673667,0.07878261633300958,0.024985561788247256
0.15879812446351932,0.8018781188698824,7.835586430559697,0.4023647242051875,0.07950064162792998,0.02521617615281706
0.1602287381974249,0.8019706035290391,7.834682816964467,0.40236448728205104,0.08021871623369543,0.02544688608699798
0.16165935193133046,0.8020639464915242,7.833771028686905,0.402364243848155,0.0809368405948358,0.025677692509285685
0.16308996566523604,0.8021581367135104,7.832851179347466,0.4023639937831308,0.08165501586691205,0.025908596185685973
0.16452057939914164,0.8022532106643433,7.831922918671152,0.4023637369654095,0.08237324033189919,0.02613959850652595
0.1659511931330472,0.8023491334081421,7.83098659369204,0.40236347327221866,0.0830915165911033,0.026370699927748997
0.16738180686695278,0.8024459178319178,7.8300420845254735,0.40236320257957664,0.08380984435334649,0.02660190153374804
0.16881242060085838,0.802543564555673,7.829089391126402,0.4023629247622935,0.08452822407016651,0.026833204249624574
0.17024303433476395,0.8026420744179277,7.828128511374293,0.4023626396939623,0.08524665618007718,0.027064609004976856
0.17167364806866953,0.8027414483964362,7.827159441848849,0.4023623472469581,0.08596514111305951,0.027296116732943715
0.1731042618025751,0.8028416753039244,7.826182297774986,0.40236204729243435,0.08668368007969356,0.02752772819912061
0.17453487553648067,0.8029427918480321,7.825196727550629,0.40236173970031824,0.08740227121795659,0.02775944483703429
0.17596548927038627,0.8030447629088793,7.82420307981329,0.4023614243393063,0.08812091727497247,0.027991267082587437
0.17739610300429184,0.8031476015460356,7.82320123360219,0.4023611010768619,0.0888396179065657,0.028223196043702003
0.17882671673819742,0.8032513084583286,7.822191188507162,0.4023607697792108,0.08955837356238246,0.02845523265795515
0.18025733047210302,0.8033558726000194,7.82117305851563,0.40236043031133656,0.09027718547718436,0.028687377694412985
0.1816879442060086,0.8034613307402495,7.820146492166246,0.4023600825369776,0.09099605169267466,0.02891963261656188
0.18311855793991416,0.8035676359998037,7.819111952364793,0.4023597263186225,0.0917149758499645,0.029151997675104447
0.18454917167381973,0.8036748543582415,7.818068803704078,0.40235936151750634,0.0924339539758284,0.029384474774411376
0.1859797854077253,0.8037828870326729,7.817018013875906,0.4023589879936059,0.09315299331030497,0.029617063387916174
0.1874103991416309,0.8038918345925188,7.8159586113527855,0.4023586056056362,0.09387208746641049,0.029849765947552898
0.18884101287553648,0.804001632993786,7.814891225759672,0.40235821421104606,0.09459124136019867,0.0300825824346297
0.19027162660944205,0.8041123307967696,7.813815391879112,0.4023578136660138,0.09531045211085387,0.030315514524285738
0.19170224034334765,0.8042238932570726,7.812731454337863,0.4023574038254432,0.09602972265093536,0.030548562631973187
0.19313285407725322,0.8043363506076718,7.8116391263837235,0.40235698454295915,0.09674905134225019,0.03078172816712824
0.1945634678111588,0.8044496396746937,7.810539028546776,0.4023565556709036,0.09746844321315704,0.031015011093985582
0.19599408154506437,0.8045638494496249,7.8094303037325155,0.40235611706032953,0.09818789238766493,0.03124841374597836
0.19742469527896994,0.8046789277046914,7.808313466219471,0.40235566856099925,0.09890740312475264,0.031481936258304935
0.19885530901287554,0.8047948873798298,7.807188397575124,0.4023552100213777,0.09962697499932531,0.03171557978508066
0.20028592274678111,0.8049117174222734,7.80605521224298,0.4023547412886285,0.10034660933989302,0.03194934510166976
0.2017165364806867,0.805029442840122,7.804913674974022,0.4023542622086105,0.10106630480914226,0.03218323356444167
0.2031471502145923,0.8051480646488868,7.803763783397518,0.40235377262587213,0.10178606182326531,0.03241724615107613
0.20457776394849786,0.8052675478570412,7.802605884094359,0.4023532723836462,0.1025058835238758,0.032651383249257655
0.20600837768240343,0.8053879296199006,7.801439624436523,0.4023527613238469,0.10322576763052241,0.03288564642658145
0.207438991416309,0.8055091986654438,7.8002651212295016,0.40235223928706376,0.10394571550326732,0.03312003646195631
0.20886960515021458,0.8056313683730393,7.799082252554772,0.4023517061125575,0.10466572662412194,0.03335455454447119
0.21030021888412018,0.8057544156291556,7.79789124987109,0.4023511616382551,0.10538580328771004,0.03358920125419177
0.21173083261802575,0.8058783535700941,7.796691993704338,0.40235060570074477,0.10610594500161499,0.033823977778969706
0.21316144635193132,0.8060031831902391,7.79548448222019,0.4023500381352718,0.10682615220557294,0.03405888510630791
0.21459206008583692,0.8061289055557523,7.794268712952183,0.4023494587757319,0.10754642533423915,0.03429392422702877
0.2160226738197425,0.8062555218803586,7.793044682070353,0.4023488674546691,0.10826676481097058,0.03452909613664465
0.21745328755364807,0.8063830211372871,7.79181250408529,0.40234826400326723,0.1089871720430866,0.03476440161896985
0.21888390128755364,0.8065114403330748,7.790571829439572,0.4023476482513486,0.10970764457819283,0.03499984229934085
0.2203145150214592,0.8066407329120324,7.7893231160008805,0.40234702002736505,0.1104281866924599,0.035235418342289986
0.2217451287553648,0.8067709476042966,7.788065901279022,0.40234637915839705,0.11114879495493034,0.03547113159066086
0.22317574248927038,0.8069020498354703,7.786800527351177,0.40234572547014436,0.11186947270455687,0.03570698241732394
0.22460635622317596,0.8070340526321456,7.785526876699869,0.4023450587869233,0.11259021940558052,0.0359429720401829
0.22603696995708156,0.8071669570657143,7.784244947316457,0.4023443789316611,0.11331103549614027,0.03617910146770041
0.22746758369098713,0.8073007523688496,7.782954851389568,0.40234368572589063,0.11403192240957233,0.036415371494171456
0.2288981974248927,0.8074354757437102,7.781656238713427,0.4023429789897439,0.11475287754972394,0.03665178379310436
0.23032881115879827,0.8075710802487668,7.780349570274475,0.4023422585419488,0.11547390540223985,0.03688833849940063
0.23175942489270385,0.807707603235681,7.779034494672468,0.4023415241998211,0.11619500334056791,0.037125037298123185
0.23319003862660945,0.8078450337168261,7.777711126441152,0.40234077577926125,0.11691617282483513,0.037361880987450385
0.23462065236051502,0.8079833849379093,7.776379346788705,0.4023400130947474,0.11763741324228146,0.037598870819246386
0.2360512660944206,0.8081226221304789,7.775039499098575,0.40233923595933035,0.1183587281387076,0.03783600714249511
0.2374818798283262,0.8082627945675759,7.773691118049196,0.40233844418462816,0.11908011376971542,0.03807329189594462
0.23891249356223176,0.808403867397706,7.772334547836202,0.40233763758081986,0.11980157370797725,0.03831072542771897
0.24034310729613734,0.8085458537473849,7.7709696711185545,0.4023368159566402,0.12052310734701256,0.03854830899847161
0.2417737210300429,0.8086887551610746,7.769596482058294,0.40233597911937363,0.12124471508926282,0.038786043651759514
0.24320433476394848,0.8088325605899699,7.768215095837108,0.4023351268748484,0.12196639846681068,0.03902393018763979
0.24463494849785408,0.8089772954632954,7.766825277316654,0.4023342590274316,0.12268815574644472,0.03926197012014805
0.24606556223175965,0.8091229610460513,7.765427023670854,0.40233337538002173,0.12340998733824536,0.03950016449913097
0.24749617596566523,0.8092695224559782,7.764020678934406,0.4023324757340439,0.12413189695166528,0.039738513658047196
0.24892678969957083,0.8094170291875948,7.76260577750133,0.4023315598894442,0.12485388062762336,0.039977019604161314
0.2503574034334764,0.8095654463912225,7.761182663103974,0.40233062764468147,0.1255759420923757,0.040215682672578704
0.251788017167382,0.8097147753969693,7.759751332312298,0.4023296787967239,0.12629808178958213,0.04045450391644584
0.25321863090128754,0.8098650416302664,7.758311550936279,0.40232871314104063,0.12702029791469763,0.0406934848818516
0.2546492446351931,0.8100162463597631,7.756863316527793,0.40232773047159803,0.1277425908808843,0.04093262663427925
0.2560798583690987,0.8101683667877866,7.755406857085285,0.4023267305808506,0.12846496337282723,0.041171929746605045
0.25751047210300426,0.8103214163824516,7.753942053302561,0.40232571325973693,0.12918741468493702,0.041411395533759075
0.2589410858369099,0.8104753964748855,7.752468902212117,0.40232467829767216,0.12990994524491767,0.04165102506640143
0.26037169957081546,0.8106303084565067,7.750987400339352,0.4023236254825414,0.13063255547531902,0.041890819419170576
0.26180231330472103,0.8107861415991428,7.749497660119145,0.40232255460069527,0.13135524696775838,0.04213077941449369
0.2632329270386266,0.8109429333923917,7.747999333190238,0.4023214654369408,0.1320780166655034,0.042370906891951596
0.2646635407725322,0.8111006492177896,7.746492760471803,0.40232035777453623,0.13280086846478117,0.04261120217692872
0.26609415450643775,0.81125930240779,7.74497782463795,0.4023192313951844,0.13352380163920796,0.042851666606390545
0.2675247682403433,0.8114188943707817,7.743454522404127,0.402318086079026,0.1342468166126751,0.04309230126927876
0.26895538197424895,0.8115794265749229,7.741922849986808,0.40231692160463267,0.1349699138037688,0.043333107258678505
0.2703859957081545,0.8117409003965501,7.740382804550241,0.40231573774900065,0.13569309364072385,0.04357408566857575
0.2718166094420601,0.8119033172925731,7.738834382561602,0.4023145342875431,0.1364163565444417,0.04381523759758715
0.27324722317596567,0.8120666787802627,7.73727757998522,0.40231331099408457,0.13713970293033956,0.04405656414857946
0.27467783690987124,0.8122309742368833,7.735712508480531,0.402312067640853,0.1378631344409696,0.044298066159434636
0.2761084506437768,0.8123962410795825,7.734138822245097,0.4023108039984735,0.1385866478656121,0.04453974553129875
0.2775390643776824,0.812562444933817,7.732556859296333,0.40230951983596036,0.13931024724805027,0.044781602583736715
0.27896967811158796,0.8127295991702228,7.730966502997511,0.4023082149207112,0.14003393180852516,0.04502363869312918
0.28040029184549353,0.8128977052740296,7.729367749982159,0.40230688901849926,0.1407577019688511,0.04526585497654629
0.28183090557939916,0.8130667648405989,7.727760595910472,0.4023055418934658,0.14148155814010488,0.045508252556594346
0.28326151931330473,0.8132367672216357,7.726145152838615,0.40230417330811374,0.14220550200859175,0.04575083228030892
0.2846921330472103,0.8134077502096844,7.724521072684487,0.40230278302329964,0.14292953021793559,0.04599359610036664
0.2861227467811159,0.8135796670232892,7.722888810838148,0.40230137079822714,0.1436536482302199,0.04623654404478193
0.28755336051502145,0.8137525859896907,7.721247729785017,0.4022999363904385,0.1443778494458174,0.046479678782189844
0.288983974248927,0.8139264170809,7.719598695068612,0.4022984795558083,0.1451021439403426,0.04672299933794754
0.2904145879828326,0.8141012292383973,7.717941063739199,0.40229700004853486,0.145826525019761,0.04696650840815889
0.2918452017167382,0.8142769935323609,7.7162751214705425,0.40229549762113376,0.14655099634309265,0.04721020642796485
0.2932758154506438,0.8144537357414626,7.714600635307416,0.40229397202442957,0.14727555574067286,0.04745409511093962
0.29470642918454937,0.8146314573884623,7.712917602423753,0.4022924230075481,0.14800020361869398,0.047698175610640325
0.29613704291845494,0.8148101545402453,7.711226071703609,0.40229085031790845,0.14872494097732827,0.0479424489540426
0.2975676566523605,0.8149897852160487,7.709526451934551,0.40228925370121676,0.14944977298435838,0.04818691525916377
0.2989982703862661,0.8151704066889082,7.7078182127598085,0.40228763290145647,0.1501746940059513,0.04843157701185203
0.30042888412017166,0.8153520020885441,7.706101525580428,0.40228598766088136,0.15089970646913606,0.048676434937082076
0.30185949785407723,0.8155345729234396,7.704376387939395,0.40228431772000733,0.151624810803939,0.04892149020046044
0.3032901115879828,0.8157181210286115,7.702642794371859,0.4022826228176046,0.15235000740506244,0.04916674397888014
0.30472072532188843,0.8159026666320531,7.70090056589202,0.40228090269068906,0.15307529461188188,0.049412197903065745
0.306151339055794,0.8160881554325179,7.699150227035909,0.4022791570745159,0.1538006790944255,0.04965785178237836
0.3075819527896996,0.8162746330494189,7.697391359213277,0.4022773857025688,0.15452615636804284,0.04990370787333399
0.30901256652360515,0.8164621187371301,7.695623793175068,0.4022755883065533,0.1552517248464311,0.050149767801512944
0.3104431802575107,0.8166505779608767,7.69384786681752,0.4022737646163883,0.15597738902942024,0.05039603186239626
0.3118737939914163,0.8168400246655882,7.692063460959694,0.40227191436019727,0.15670314794976103,0.05064250155316573
0.31330440772532187,0.8170304602898183,7.690270574429753,0.40227003726430116,0.15742900205202012,0.05088917806535992
0.3147350214592275,0.8172218868385206,7.688469200802396,0.4022681330532068,0.15815495171680619,0.05113606260829528
0.31616563519313307,0.8174143058990706,7.686659337664437,0.40226620144960246,0.15888099737333003,0.05138315638441558
0.31759624892703864,0.81760771931262,7.684840980295529,0.40226424217434564,0.15960713942239066,0.05163046060620417
0.3190268626609442,0.8178021288634332,7.683014124592516,0.402262254946457,0.1603333782720566,0.051877976488386796
0.3204574763948498,0.817997524194199,7.681178880546231,0.4022602394831095,0.16105971575587358,0.0521257049367769
0.32188809012875536,0.8181939313832431,7.679335016036111,0.40225819549962155,0.16178614943889716,0.05237364779761496
0.32331870386266093,0.8183913521314253,7.67748252815185,0.40225612270944633,0.1625126797230173,0.05262180629879312
0.3247493175965665,0.8185897640978748,7.675621639496016,0.4022540208241639,0.16323930986869387,0.05287018104464427
0.3261799313304721,0.8187891812480108,7.67375223204911,0.4022518895534719,0.16396603885239536,0.05311877358364672
0.3276105450643777,0.8189896053839383,7.671874302035934,0.4022497286051772,0.16469286708486902,0.0533675851535235
0.3290411587982833,0.8191910261687724,7.669987959420229,0.40224753768518534,0.16541979643893726,0.053616616674926364
0.33047177253218885,0.8193934698789899,7.668092971387121,0.40224531649749284,0.16614682438718575,0.053865870038882296
0.3319023862660944,0.8195969261453537,7.666189448428065,0.4022430647441765,0.1668739528018209,0.054115346174365205
0.333333,0.8198014090141792,7.664277272632637,0.40224078212538533,0.1676011806047436,0.054365046662501026
0.33476361373390556,0.8200068839694483,7.66235678018245,0.4022384683393302,0.16832851263752813,0.05461497178788765
0.33619422746781114,0.8202134014516174,7.660427513205193,0.40223612308227524,0.16905594337572427,0.05486512411701091
0.33762484120171676,0.8204209270342103,7.658489807047044,0.4022337460485276,0.1697834776699123,0.055115503940702686
0.33905545493562234,0.8206294746885289,7.656543544898114,0.4022313369304283,0.1705111144484533,0.055366112855449165
0.3404860686695279,0.8208390343534149,7.654588834373513,0.4022288954183415,0.1712388556058975,0.05561695180995351
0.3419166824034335,0.8210496321510616,7.6526254456972564,0.40222642120064733,0.1719666985425559,0.055868022745398455
0.34334729613733905,0.8212612700294568,7.650653374844064,0.4022239139637286,0.1726946436425226,0.05611932695138061
0.3447779098712446,0.8214739136016339,7.648672956189036,0.4022213733919638,0.1734226958654161,0.056370864715238916
0.3462085236051502,0.8216876135054719,7.646683732245094,0.4022187991677162,0.1741508494973756,0.05662263867655651
0.34763913733905577,0.821902335141465,7.644686039367597,0.40221619097132283,0.17487910954476493,0.05687464912100248
0.34906975107296134,0.8221181120088216,7.642679580220909,0.4022135484810862,0.1756074724121879,0.057126898231305755
0.35050036480686697,0.8223348884303119,7.640664886750758,0.40221087137326256,0.17633594584808912,0.05737938569799624
0.35193097854077254,0.8225527119268723,7.638641531508539,0.40220815932205223,0.17706452446627075,0.057632114106973324
0.3533615922746781,0.8227716018887,7.6366093491271725,0.4022054119995906,0.17779320641660343,0.057885085270806554
0.3547922060085837,0.8229915116428133,7.6345687875169155,0.40220262907593474,0.17852199836399926,0.05813829913152228
0.35622281974248926,0.8232124919927587,7.6325193899448935,0.40219981021905654,0.17925089440926412,0.05839175840250375
0.35765343347639483,0.8234345084401951,7.630461491201793,0.40219695509482944,0.1799798996802857,0.05864546337316619
0.3590840472103004,0.823657575300435,7.628394973345263,0.4021940633670192,0.18070901298921882,0.058899415728603736
0.36051466094420603,0.8238816947583891,7.626319831055584,0.40219113469727225,0.1814382347186978,0.059153616812695875
0.3619452746781116,0.8241068687524977,7.6242360613870845,0.40218816874510677,0.18216756528466874,0.059408067966691756
0.3633758884120172,0.8243330995479629,7.622143658461705,0.4021851651678992,0.18289700506114148,0.05966277054582599
0.36480650214592275,0.8245603893112918,7.620042617409226,0.40218212362087624,0.18362655443594705,0.0599177259070634
0.3662371158798283,0.8247887400377387,7.617932935035092,0.4021790437571016,0.18435621382069256,0.06017293540693325
0.3676677296137339,0.8250181419484239,7.615814716923376,0.402175925227466,0.1850859852046795,0.06042840005879108
0.36909834334763947,0.8252486214981256,7.613687734216781,0.4021727676806762,0.1858158657327673,0.060684121949402425
0.37052895708154504,0.825480180905431,7.611551982129785,0.4021695707632431,0.18654585577154476,0.06094010246003068
0.3719595708154506,0.8257127856858126,7.6094077942137694,0.40216633411947056,0.18727596065726507,0.06119634188009962
0.37339018454935624,0.8259464748417782,7.6072548265106645,0.4021630573914454,0.1880061758152324,0.06145284269093206
0.3748207982832618,0.826181238229399,7.6050931883241155,0.4021597402190241,0.1887365033007414,0.06170960591589768
0.3762514120171674,0.826417078217325,7.602922873681564,0.40215638223982203,0.1894669434821561,0.0619666329556424
0.37768202575107296,0.8266539970691525,7.600743877675796,0.4021529830892024,0.1901974967430561,0.062223925212527974
0.37911263948497853,0.8268919969969069,7.598556195970886,0.40214954240026396,0.19092816347515656,0.06248148409222713
0.3805432532188841,0.8271310926497274,7.596359710105086,0.4021460598038294,0.19165894235071002,0.0627393113854297
0.3819738669527897,0.827371249405884,7.5941547542187315,0.4021425349284331,0.19238983885934718,0.06299740738185873
0.3834044806866953,0.8276125186722612,7.591940872595428,0.40213896740031063,0.19312084657800999,0.06325577500841947
0.3848350944206009,0.8278548660878208,7.5897183969841535,0.40213535684338464,0.19385197098043805,0.06351441456860558
0.38626570815450645,0.8280982939208749,7.587487322827339,0.4021317028792544,0.1945832124740106,0.06377332749048395
0.387696321888412,0.8283428413223279,7.585247307925546,0.40212800512718355,0.19531456627373583,0.06403251635559264
0.3891269356223176,0.8285884738664453,7.5829986843291906,0.40212426320408723,0.1960460379199921,0.0642919814680426
0.39055754935622317,0.8288351939160998,7.580741446912559,0.4021204767245193,0.19677762781017868,0.06455172427415956
0.39198816309012874,0.8290830603596749,7.578475073961587,0.40211664530066143,0.1975093282997687,0.06481174800492048
0.3934187768240343,0.8293319798060348,7.576200436222302,0.40211276854230954,0.19824115337697304,0.06507205111106286
0.3948493905579399,0.8295820136770578,7.573916989026626,0.4021088460568614,0.19897309503890537,0.06533263691380738
0.3962800042918455,0.8298331692457128,7.571624683176699,0.4021048774493042,0.1997051529524908,0.06559350704343095
0.3977106180257511,0.8300854491174825,7.569323512247621,0.402100862322201,0.20043732744960122,0.06585466298867543
0.39914123175965666,0.8303388186428707,7.567013809433843,0.4020968002756793,0.20116962425545068,0.06611610504955949
0.40057184549356223,0.8305933297274065,7.5646951188997305,0.4020926909074165,0.20190203659828238,0.06637783629880604
0.4020024592274678,0.8308489354855477,7.562367885213328,0.40208853381262816,0.20263457200698443,0.06663985664798094
0.4034330729613734,0.8311056755003795,7.560031765390967,0.4020843285840547,0.2033672254652969,0.06690216879283283
0.40486368669527895,0.831363552146232,7.557686755642627,0.4020800748119472,0.20409999734420395,0.0671647742418826
0.4062943004291846,0.8316225433622234,7.555333074277747,0.4020757720840549,0.20483289161286167,0.06742767371190315
0.40772491416309015,0.8318826640880379,7.552970603213145,0.4020714199856121,0.20556590682537276,0.06769086912540091
0.4091555278969957,0.8321439168359802,7.550599337515838,0.40206701809932444,0.20629904335416144,0.06795436200787232
0.4105861416309013,0.832406304159366,7.548219271987465,0.40206256600535467,0.20703230156683983,0.06821815389179749
0.41201675536480686,0.8326698287746624,7.5458304000587795,0.4020580632813098,0.20776568180792737,0.06848224632073571
0.41344736909871244,0.8329344931502932,7.5434327175184706,0.4020535095022271,0.20849918446001708,0.06874664083579929
0.414877982832618,0.8332002999362575,7.541026218617864,0.40204890424056033,0.20923280987992213,0.0690113389898553
0.4163085965665236,0.8334672518491908,7.538610897115941,0.4020442470661656,0.20996655841557954,0.06927634234381896
0.41773921030042915,0.833735339087857,7.536186860033625,0.40203953754628713,0.21070043230735702,0.0695416520446209
0.4191698240343348,0.834004601385823,7.53375376675277,0.40203477524554404,0.21143442631262374,0.06980727090651818
0.42060043776824035,0.8342750044907888,7.531311945531216,0.4020299597259156,0.2121685463685913,0.0700731992681297
0.4220310515021459,0.8345465633196733,7.528861280293609,0.40202509054672636,0.21290279098470177,0.0703394391232234
0.4234616652360515,0.8348192807242465,7.526401764138241,0.4020201672646316,0.21363716049430945,0.07060599206696029
0.42489227896995707,0.8350931468558295,7.52393350470677,0.4020151894336055,0.2143716571815289,0.07087285926735469
0.42632289270386264,0.8353681893564402,7.521456271898614,0.40201015660492223,0.21510627758238673,0.07114004317597844
0.4277535064377682,0.8356443985596825,7.5189701720125095,0.402005068327145,0.2158410239496618,0.07140754498066873
0.42918412017167384,0.8359217897073186,7.516475087196278,0.40199992414610886,0.21657589470141816,0.07167536672799533
0.4306147339055794,0.8362003282717754,7.5139713472313705,0.40199472360490685,0.21731089596980765,0.07194350875587276
0.432045347639485,0.8364800667490013,7.511458499661956,0.4019894662438751,0.21804602039011517,0.07221197440982396
0.43347596137339056,0.8367609707244653,7.508936873262172,0.40198415160057704,0.21878127409755854,0.07248076403995071
0.43490657510729613,0.8370430554468639,7.50640635065689,0.4019787792097887,0.219516655508243,0.07274987971959368
0.4363371888412017,0.8373263113064808,7.50386703766173,0.40197334860348344,0.2202521669279893,0.07301932266340465
0.4377678025751073,0.8376107660752949,7.501318705130845,0.40196785931081597,0.22098780478663024,0.07328909540043872
0.43919841630901285,0.8378964226329496,7.49876134741777,0.40196231085810735,0.22172356940902524,0.0735591995999793
0.4406290300429184,0.8381832465954163,7.49619529225979,0.40195670276882917,0.22245946703997566,0.07382963561976534
0.44205964377682405,0.8384712905078402,7.493620089692069,0.4019510345635878,0.2231954901486799,0.0741004068917378
0.4434902575107296,0.8387605201747101,7.49103606577814,0.40194530576010856,0.22393164497060364,0.07437151378920044
0.4449208712446352,0.8390509508258044,7.48844310467153,0.40193951587321997,0.224667929892526,0.07464295844028346
0.44635148497854077,0.8393425729852729,7.4858413112923685,0.4019336644148377,0.2254043472504456,0.0749147421002631
0.44778209871244634,0.8396354271444433,7.483230345041984,0.40192775089394767,0.22614089134945653,0.07518686782138129
0.4492127124463519,0.8399294787927063,7.480610534364004,0.4019217748165904,0.2268775685525662,0.07545933597550125
0.4506433261802575,0.8402247435042816,7.47798176113528,0.40191573568584543,0.2276143771729754,0.07573214873575933
0.4520739399141631,0.8405212240599009,7.475344021451868,0.40190963300181254,0.2283513175823013,0.07600530782368643
0.4535045536480687,0.8408189238346927,7.4726973062453075,0.40190346626159806,0.22908839005709922,0.07627881498924409
0.45493516738197426,0.8411178457436423,7.470041610666989,0.4018972349592955,0.22982559495002725,0.07655267197269855
0.45636578111587983,0.8414179804555257,7.467377038672271,0.40189093858597075,0.23056293462504093,0.07682688007270787
0.4577963948497854,0.8417193684036484,7.464703252695584,0.40188457662964344,0.23130040328130502,0.07710144241772161
0.459227008583691,0.8420219628229132,7.46202068900311,0.40187814857527143,0.23203800944036354,0.07737635894660543
0.46065762231759655,0.8423258168227076,7.45932889826416,0.40187165390473306,0.2327757451884607,0.07765163327490306
0.4620882360515021,0.8426308960017226,7.456628206956633,0.4018650920968087,0.2335136170450926,0.07792726580295706
0.4635188497854077,0.8429372361798374,7.453918319772853,0.4018584626271656,0.23425161991250018,0.0782032595332733
0.4649494635193133,0.843244780350402,7.451199762622511,0.40185176496833863,0.23498976412991962,0.0784796140270337
0.4663800772532189,0.8435535792745277,7.448472108414555,0.4018449985897131,0.23572804210925127,0.07875633285858438
0.46781069098712447,0.8438636538050618,7.445735195310408,0.4018381629575076,0.23646645119523604,0.07903341850860902
0.46924130472103004,0.8441749569999626,7.442989459802069,0.40183125753475496,0.23720500011566156,0.07931087092053447
0.4706719184549356,0.8444875297987873,7.44023456293861,0.40182428178128565,0.2379436828563391,0.07958869334148677
0.4721025321888412,0.8448013627791643,7.437470610262315,0.4018172351537082,0.23868250186059092,0.0798668871355143
0.47353314592274676,0.8451164593660014,7.43469759409629,0.4018101171053926,0.239421457415953,0.08014545415660804
0.4749637596566524,0.8454328228537272,7.431915508048205,0.4018029270864505,0.24016054983349988,0.08042439626148792
0.47639437339055796,0.84575046906851,7.429124235780491,0.4017956645437178,0.24089977728627823,0.08070371579357018
0.47782498712446353,0.8460693637565604,7.4263241009958705,0.40178832892073474,0.24163914649951135,0.08098341318975755
0.4792556008583691,0.8463895604651698,7.4235146564501475,0.40178091965772894,0.24237864919718557,0.08126349225371433
0.4806862145922747,0.8467110249221188,7.420696226032392,0.4017734361915954,0.24311829212858735,0.0815439534330076
0.48211682832618025,0.8470337731136861,7.417868692629187,0.40176587795587754,0.24385807343983085,0.08182479910992375
0.4835474420600858,0.8473578084705942,7.415032049471733,0.40175824438074864,0.24459799342824012,0.08210603119336538
0.4849780557939914,0.8476831543656903,7.412186115555413,0.40175053489299173,0.24533804893158023,0.08238765237614488
0.48640866952789696,0.8480097542859442,7.409331408540534,0.40174274891598166,0.246078250654462,0.08266966225097082
0.4878392832618026,0.8483376591250187,7.406467506888833,0.4017348858696643,0.24681859067325101,0.08295206459472734
0.48926989699570816,0.8486668775629276,7.403594358746133,0.4017269451705374,0.2475590683630853,0.08323486155722613
0.49070051072961374,0.8489974131478252,7.4007119572760995,0.40171892623163086,0.2482996839914174,0.08351805509686246
0.4921311244635193,0.8493292441475806,7.39782051598333,0.40171082846248723,0.24904044227427552,0.08380164618234938
0.4935617381974249,0.8496623741921792,7.394920027091181,0.4017026512691407,0.2497813435035069,0.08408563678333404
0.49499235193133045,0.8499968446424526,7.392010154840728,0.4016943940540985,0.25052238130024335,0.08437003037596864
0.496422965665236,0.8503326212932895,7.3890912212956765,0.40168605621631853,0.2512635626150224,0.08465482745317467
0.49785357939914165,0.8506697077134413,7.386163219645474,0.4016776371511911,0.2520048877555614,0.08494003000755855
0.4992841931330472,0.8510081454158028,7.3832258140251055,0.40166913625051753,0.252746350268334,0.08522564155976718
0.5007148068669528,0.8513479001784576,7.380279326304228,0.4016605529024889,0.2534879571650278,0.0855116626148593
0.5021454206008583,0.8516889756776113,7.377323749178071,0.4016518864916655,0.25422970873950557,0.08579809519561744
0.503576034334764,0.8520314135395467,7.374358747029876,0.40164313639895693,0.25497159847033485,0.08608494286624564
0.5050066480686696,0.8523751795103433,7.371384641665697,0.4016343020015995,0.25571363343315434,0.08637220614383419
0.5064372618025751,0.8527202900620715,7.368401315655593,0.4016253826731365,0.2564558116168276,0.08665988759725515
0.5078678755364807,0.8530667361482628,7.365408872404527,0.4016163777833948,0.25719813560785126,0.08694798877078967
0.5092984892703862,0.8534145469111867,7.362407085654548,0.40160728669846546,0.2579406010875298,0.08723651277155987
0.5107291030042919,0.8537637262751351,7.359395947392075,0.40159810878068086,0.2586832082804295,0.08752546169446708
0.5121597167381974,0.8541142525171769,7.35637567065798,0.40158884338859396,0.2594259620911044,0.08781483659028834
0.513590330472103,0.8544661297284393,7.353346245773915,0.40157948987695374,0.2601688627524936,0.08810463957044214
0.5150209442060085,0.8548193995574614,7.350307340278404,0.4015700475966875,0.26091190361336347,0.08839487430664945
0.5164515579399142,0.8551740152898321,7.347259382115481,0.40156051589487407,0.2616550941953437,0.0886855408380662
0.5178821716738198,0.8555300315493659,7.344201928014999,0.40155089411472433,0.2623984254430975,0.08897664339805642
0.5193127854077253,0.8558874141608718,7.34113529796409,0.40154118159555807,0.2631419046123625,0.08926818255519765
0.5207433991416309,0.8562461798105493,7.338059375131795,0.4015313776727805,0.26388552961264616,0.0895601609937012
0.5221740128755364,0.8566063521730058,7.334973983371294,0.40152148167786034,0.264629297034668,0.08985258170567306
0.5236046266094421,0.8569678760499682,7.331879622070251,0.4015114929383067,0.2653732181126625,0.0901454443909775
0.5250352403433476,0.8573308146345148,7.328775777012221,0.40150141077764506,0.266117282105275,0.09043875371538974
0.5264658540772532,0.8576951719168774,7.325662441514261,0.4014912345153951,0.26686148923612724,0.09073251188273367
0.5278964678111588,0.8580608801944628,7.322540220870604,0.40148096346704715,0.26760585317104235,0.0910267180728281
0.5293270815450644,0.8584280279961959,7.319408386334084,0.4014705969440382,0.26835035834934806,0.09132137807175082
0.53075769527897,0.8587965998474761,7.3162670978151185,0.40146013425372745,0.2690950086503066,0.09161649328916689
0.5321883090128755,0.8591665938690832,7.313116399096164,0.40144957469937487,0.2698398054236994,0.0919120657158227
0.5336189227467811,0.8595379878163711,7.309956507148472,0.4014389175801137,0.2705847538873769,0.09220809647880661
0.5350495364806866,0.859910785880832,7.306787413700753,0.4014281621909292,0.27132985429310574,0.09250458783708065
0.5364801502145923,0.8602850314467048,7.303608777910991,0.40141730782263274,0.27207509943999986,0.09280154374500905
0.5379107639484979,0.8606606963355522,7.300420867284398,0.4014063537618373,0.2728204957019959,0.09309896509995963
0.5393413776824034,0.8610378230145658,7.297223349819438,0.4013952992909343,0.27356603601272045,0.0933968558485248
0.540771991416309,0.861416377608627,7.29401654124838,0.40138414368806563,0.27431172786314584,0.09369521665666453
0.5422026051502146,0.8617963642024211,7.290800435198603,0.4013728862271027,0.27505757152653565,0.0939940498329229
0.5436332188841202,0.8621778256287229,7.287574697943224,0.4013615261776177,0.27580355982065535,0.09429335938431797
0.5450638326180257,0.862560714917383,7.284339755470311,0.40135006280485974,0.2765497028209399,0.09459314542375646
0.5464944463519313,0.8629450876963513,7.281095166730332,0.40133849536973,0.2772959908576453,0.09489341254432808
0.5479250600858369,0.8633309099187901,7.277841248346615,0.4013268231287545,0.2780424315521082,0.09519416143623226
0.5493556738197425,0.8637181987747441,7.274577884422032,0.4013150453340599,0.27878902264295397,0.09549539503837036
0.5507862875536481,0.8641069587155841,7.271305066815995,0.40130316123334564,0.2795357643285427,0.09579711574425931
0.5522169012875536,0.8644971813493603,7.268022895543054,0.40129117006985976,0.2802826593161873,0.09609932539026468
0.5536475150214593,0.8648888968385601,7.264731146562983,0.4012790710823707,0.2810297027961044,0.09640202752811555
0.5550781287553648,0.8652820968081651,7.261429920203909,0.401266863505142,0.28177689747100376,0.09670522401869357
0.5565087424892704,0.865676798663265,7.258119100433058,0.401254546567905,0.2825242410024716,0.09700891787761536
0.5579393562231759,0.8660729811898183,7.254798895293666,0.40124211949583205,0.28327173863837646,0.09731311041166121
0.5593699699570815,0.8664706619359501,7.251469187821205,0.4012295815095099,0.28401938802244203,0.09761780466418181
0.5608005836909871,0.8668698326081044,7.248130077702331,0.4012169318249123,0.2847671918908198,0.09792300253512023
0.5622311974248927,0.8672705363927118,7.244781234369612,0.40120416965337113,0.2855151427955198,0.09822870824842372
0.5636618111587983,0.8676727263936844,7.241423080444678,0.4011912942015518,0.28626325112739603,0.09853492199038326
0.5650924248927038,0.8680764460624143,7.238055283817513,0.4011783046714222,0.28701150937332226,0.09884164802467035
0.5665230386266095,0.8684816999635706,7.234677837705896,0.4011652002602274,0.2877599177174215,0.09914888887999421
0.567953652360515,0.8688884671446276,7.231290947879208,0.40115198016045944,0.2885084814525831,0.09945664593632404
0.5693842660944206,0.8692967652389827,7.227894498666683,0.4011386435598313,0.2892571981814613,0.09976492233340127
0.5708148798283261,0.8697065990141474,7.2244884818648805,0.4011251896412457,0.2900060680721604,0.10007372064078605
0.5722454935622318,0.8701179732125479,7.221072889669827,0.4011116175827686,0.29075509130029725,0.10038304343905677
0.5736761072961374,0.870530892841889,7.217647712268811,0.40109792655759907,0.2915042679905007,0.10069289333320774
0.5751067210300429,0.8709453496522481,7.21421304986397,0.4010841157340414,0.29225360095188996,0.10100327233019192
0.5765373347639485,0.8713613874003373,7.210768572067615,0.4010701842754745,0.2930030824740891,0.10131418484406249
0.577967948497854,0.8717789592495597,7.2073146988867975,0.40105613134032253,0.2937527231897621,0.1016256311270078
0.5793985622317597,0.8721981219737989,7.203850993121417,0.40104195608202725,0.2945025127253187,0.10193761622639967
0.5808291759656652,0.8726188286594,7.2003778749908625,0.40102765764901616,0.2952524617798552,0.10225014040452372
0.5822597896995708,0.8730411361477243,7.196894907958186,0.40101323518467274,0.29600255992536795,0.10256320874903155
0.5836904034334764,0.8734650106495795,7.193402403728685,0.4009986878273064,0.2967528152217596,0.10287682214938011
0.585121017167382,0.8738904570592612,7.189900354700296,0.40098401471012324,0.2975032278538265,0.1031909833022385
0.5865516309012876,0.8743175375874516,7.186388282359172,0.4009692149611936,0.29825378621059884,0.10350569760806835
0.5879822446351931,0.8747461641402791,7.1828669444407875,0.40095428770342295,0.29900450958963887,0.10382096343301948
0.5894128583690987,0.8751764090242872,7.179335780068108,0.4009392320545194,0.29975538429548054,0.10413678668086838
0.5908434721030043,0.8756082594319439,7.1757949282660265,0.40092404712696283,0.30050641415022744,0.10445316927443363
0.5922740858369099,0.8760417074457895,7.172244487650033,0.40090873202797506,0.3012576019949509,0.10477011337366451
0.5937046995708154,0.8764767973546302,7.168684129623746,0.4008932858594858,0.30200893983536187,0.10508762362637297
0.595135313304721,0.8769134953993732,7.16511416478775,0.40087770771810305,0.30276043588274415,0.10540570099488142
0.5965659270386267,0.8773518199161527,7.161534477446073,0.40086199669507916,0.3035120875358987,0.10572434892436011
0.5979965407725322,0.877791776061228,7.157945060015371,0.40084615187628025,0.30426389493276085,0.10604357024907905
0.5994271545064378,0.878233369235473,7.154345903127408,0.4008301723421526,0.3050158581629784,0.1063633678288953
0.6008577682403433,0.878676604935149,7.150736996853716,0.4008140571676911,0.305767977298819,0.10668374454230314
0.6022883819742489,0.8791214883910176,7.147118333643708,0.4007978054224048,0.3065202524710545,0.10700470326918707
0.6037189957081545,0.8795680251230807,7.143489903808589,0.4007814161702857,0.30727268375251093,0.10732624691755072
0.6051496094420601,0.8800162205918834,7.139851698362589,0.40076488846977454,0.3080252712312676,0.10764837840688914
0.6065802231759656,0.880466067162811,7.1362038146755,0.4007482213737269,0.3087780177737563,0.10797110003579255
0.6080108369098712,0.8809175965146437,7.132546031591434,0.4007314139293802,0.3095309179225567,0.10829441602327644
0.6094414506437769,0.8813708142202541,7.12887834020043,0.4007144651783205,0.31028397173361005,0.10861832934228555
0.6108720643776824,0.8818256997386247,7.125200942818902,0.40069737415644563,0.3110371848343703,0.10894284170478498
0.612302678111588,0.882282271654866,7.121513725300675,0.40068013989393386,0.3117905545400294,0.10926795674169376
0.6137332918454935,0.8827405357316053,7.117816677549711,0.40066276141520857,0.3125440808917181,0.10959367747541408
0.6151639055793992,0.8832004975963538,7.114109790788603,0.40064523773890215,0.3132977639623212,0.10992000693682258
0.6165945193133047,0.8836621629277782,7.110393056054287,0.4006275678778216,0.31405160381680086,0.1102469481744727
0.6180251330472103,0.8841255243161857,7.106666569816799,0.40060975083891426,0.31480560334227936,0.11057450360547565
0.6194557467811159,0.8845906270814828,7.102930004933027,0.400591785623232,0.3155597540714343,0.11090267826780349
0.6208863605150214,0.8850574374087211,7.099183670582501,0.4005736712258944,0.31631406458486894,0.11123147330475644
0.6223169742489271,0.8855259744393779,7.095427450513171,0.4005554066360532,0.317068532059816,0.11156089249195726
0.6237475879828326,0.8859962308067173,7.091661441334373,0.40053699083685784,0.3178231594087569,0.11189093830505843
0.6251782017167382,0.8864682680557656,7.087885188445714,0.4005184228054173,0.3185779345798627,0.11222161667314194
0.6266088154506437,0.886941990984442,7.084099491338437,0.4004997015127636,0.3193328795926764,0.11255292571602764
0.6280394291845494,0.8874175227086789,7.080303404423791,0.40048082592381556,0.32008796896685326,0.11288487448242501
0.629470042918455,0.8878947655525972,7.07649774606919,0.4004617949973421,0.32084322533514964,0.11321746098279475
0.6309006566523605,0.8883737735826203,7.072682123247349,0.4004426076859232,0.3215986382441479,0.11355069084782819
0.6323312703862661,0.8888545763975318,7.068856339408091,0.4004232629359151,0.3223542025364021,0.11388456850978852
0.6337618841201716,0.8893371405323283,7.06502070004484,0.40040375968740965,0.3231099268962709,0.11421909523456097
0.6351924978540773,0.8898214720525714,7.061175195835654,0.4003840968741979,0.32386581136217,0.11455427429323223
0.6366231115879828,0.8903076168649108,7.057319501887351,0.4003642734237322,0.32462184717450143,0.11489011099998694
0.6380537253218884,0.8907955568156756,7.053453802172152,0.400344288257086,0.32537803968868084,0.11522660743836333
0.6394843390557939,0.8912852653104244,7.049578346828414,0.4003241402889176,0.3261343961763002,0.11556376526693732
0.6409149527896996,0.8917767814478942,7.045692866075935,0.40030382842742795,0.3268909093721717,0.11590158950993806
0.6423455665236052,0.8922701359353051,7.04179715775577,0.4002833515743242,0.3276475738272011,0.11624008479295746
0.6437761802575107,0.8927653102814118,7.037891408660402,0.40026270862477925,0.32840439502669283,0.11657925324027649
0.6452067939914163,0.8932622792942619,7.0339758577332185,0.400241898467392,0.3291613799981874,0.11691909663743727
0.6466374077253219,0.8937610942613385,7.030050141500524,0.4002209199841463,0.32991851870561395,0.11725962072286662
0.6480680214592275,0.8942617466094707,7.02611436864188,0.4001997720503735,0.33067581446610217,0.11760082817502272
0.649498635193133,0.8947642429695686,7.022168528244686,0.40017845353470854,0.33143326720928157,0.11794272247211876
0.6509292489270386,0.8952685896493527,7.018212612195524,0.40015696329905204,0.33219087694081967,0.11828530709371528
0.6523598626609441,0.8957748077777369,7.014246496579969,0.4001353001985277,0.3329486403278846,0.11862858630939002
0.6537904763948498,0.8962828451190793,7.0102706320846835,0.40011346308144186,0.3337065705923418,0.11897256058452023
0.6552210901287554,0.8967928125328382,7.006284193373275,0.4000914507892412,0.33446464414143995,0.11931723890713775
0.6566517038626609,0.8973046129958542,7.002287981337522,0.4000692621564721,0.33522288435266145,0.11966261943433572
0.6580823175965665,0.8978182977482102,6.998281637763728,0.40004689601073745,0.3359812810974321,0.12000870808336128
0.6595129313304721,0.8983338996774237,6.994264949186233,0.400024351172655,0.33673982835392646,0.1203555098440959
0.6609435450643777,0.8988513720326876,6.990238322683555,0.4000016264558147,0.3374985382183565,0.12070302553655331
0.6623741587982832,0.899370761680925,6.9862014364757705,0.3999787206667363,0.3382574014956484,0.12105126092441028
0.6638047725321888,0.8998920755248275,6.982154280573211,0.3999556326048253,0.3390164180732113,0.12140021969165296
0.6652353862660945,0.9004152937456709,6.978097052352289,0.39993236106233065,0.33977559396765467,0.12174990412350659
0.666666,0.9009404366020463,6.974029638271112,0.3999089048243004,0.3405349260397919,0.1221003186445627
0.6680966137339056,0.9014675111263131,6.969952027809897,0.3998852626685385,0.34129441417513734,0.12245146700015225
0.6695272274678111,0.9019965243484289,6.965864210749971,0.3998614333655592,0.3420540582635339,0.12280335295541688
0.6709578412017168,0.9025274833122837,6.9617661770478625,0.3998374156785449,0.3428138581954792,0.12315598029631332
0.6723884549356223,0.9030603951355858,6.957657916374715,0.3998132083633,0.3435738138483383,0.12350935283296632
0.6738190686695279,0.9035952669630903,6.953539418479755,0.3997888101682056,0.34433392509712335,0.12386347439733109
0.6752496824034335,0.904132092542507,6.9494107763730195,0.3997642198341751,0.34509419493018284,0.12421834812050699
0.676680296137339,0.9046709193438058,6.945271670429102,0.3997394360946087,0.34585461387125216,0.12457398004701044
0.6781109098712447,0.9052117278186123,6.941122296681756,0.39971445767534725,0.34661518799170177,0.1249303726364698
0.6795415236051502,0.9057544849628075,6.936962953528835,0.39968928329462555,0.3473759265498909,0.12528752762874318
0.6809721373390558,0.9062992787126382,6.932793013037149,0.3996639116630273,0.34813681060778734,0.1256454533324619
0.6824027510729613,0.9068460627212189,6.928612876506641,0.39963834148343746,0.34889785253947064,0.12600415080857533
0.683833364806867,0.9073948443897345,6.924422533395947,0.39961257145099593,0.3496590522048327,0.12636362404546062
0.6852639785407725,0.9079456715705576,6.920221665147629,0.39958660025305015,0.35042039996486246,0.1267238792623473
0.6866945922746781,0.9084985248676417,6.916010466934965,0.39956042656910745,0.35118190194522947,0.12708491903785424
0.6881252060085837,0.9090533848749041,6.911789133312807,0.3995340490707866,0.3519435643215452,0.1274467459602221
0.6895558197424893,0.9096102996266867,6.907557345995609,0.39950746642177154,0.3527053773920906,0.12780936633340573
0.6909864334763949,0.9101692632734841,6.903315197199357,0.39948067727776126,0.3534673441398518,0.1281727835349268
0.6924170472103004,0.9107302970042502,6.899062574120408,0.39945368028642186,0.3542294611674701,0.12853700245036487
0.693847660944206,0.9112933815675394,6.894799670740191,0.3994264740873375,0.35499173465819056,0.12890202575866427
0.6952782746781115,0.9118585382093404,6.890526374319172,0.3993990573119618,0.3557541612152264,0.12926785839255453
0.6967088884120172,0.9124257747785922,6.886242674045737,0.399371428583567,0.35651674061493493,0.12963450457025225
0.6981395021459227,0.9129950890629405,6.8819486352641634,0.3993435865171947,0.35727947503796925,0.13000196797376481
0.6995701158798283,0.9135664853554921,6.877644274280309,0.399315529719606,0.3580423651311552,0.13037025266645733
0.7010007296137339,0.9141400466636851,6.873329015735801,0.3992872567892312,0.35880539271351186,0.1307393671272089
0.7024313433476395,0.9147156685380725,6.869003695128096,0.3992587663161182,0.3595685844263383,0.13110930940770818
0.7038619570815451,0.9152934372450234,6.864667713658676,0.39923005688188234,0.3603319213002842,0.1314800882211723
0.7052925708154506,0.9158733200980435,6.860321366831579,0.39920112705965405,0.3610954128559579,0.1318517056605768
0.7067231845493562,0.9164553252338078,6.855964643531978,0.3991719754140287,0.3618590588486381,0.13222416612179136
0.7081537982832617,0.9170394881097856,6.8515973288463,0.399142600501013,0.3626228524458576,0.13259747556495316
0.7095844120171674,0.9176258031580397,6.84721951535778,0.399113000867974,0.3633867966922987,0.13297163767002723
0.711015025751073,0.9182142653357787,6.842831291541642,0.39908317505358526,0.3641508945319708,0.13334665616552574
0.7124456394849785,0.918804923570308,6.8384323440108234,0.39905312158777595,0.3649151358482839,0.13372253785855626
0.7138762532188841,0.9193977455156273,6.834022965387823,0.3990228389916746,0.36567953020421023,0.13409928498318374
0.7153068669527897,0.9199927530986525,6.829603044172924,0.39899232577755916,0.36644407402917817,0.13447690286951092
0.7167374806866953,0.9205899549278155,6.8251725684669875,0.3989615804488002,0.3672087669813591,0.13485539611980749
0.7181680944206008,0.9211893593656227,6.820731528538826,0.39893060149980825,0.3679736087836465,0.13523476934816842
0.7195987081545064,0.9217909751263725,6.8162799123935836,0.39889938741597947,0.368738599078152,0.13561502721476731
0.7210293218884121,0.9223948107241168,6.811817709866597,0.39886793667364007,0.3695037375607786,0.1359961743945777
0.7224599356223176,0.9230008748511145,6.807344909822649,0.39883624773999105,0.37026902388892685,0.13637821559918806
0.7238905493562232,0.9236091762253427,6.802861501287869,0.3988043190730544,0.37103445771871274,0.1367611555683078
0.7253211630901287,0.9242197236052885,6.798367473342281,0.39877214912161546,0.3718000387013943,0.13714499907082148
0.7267517768240344,0.9248325120919775,6.793862915747823,0.39873973632516785,0.37256576985799383,0.13752975011370705
0.7281823905579399,0.9254476054012255,6.789347414709153,0.3987070791138574,0.37333163730572005,0.1379154166963651
0.7296130042918455,0.9260649439657449,6.784821462167345,0.3986741759084244,0.3740976575490783,0.13830199972103344
0.731043618025751,0.9266845502632555,6.7802849474447795,0.39864102512014704,0.37486382689618364,0.1386895048541555
0.7324742317596566,0.9273064609175575,6.7757376573894,0.3986076251507851,0.3756301381329351,0.1390779386191746
0.7339048454935623,0.9279306712361676,6.771179681785142,0.3985739743925198,0.37639659426610683,0.13946730517058664
0.7353354592274678,0.9285571902653231,6.766611010124479,0.39854007122789886,0.3771631949127014,0.13985760948783454
0.7367660729613734,0.9291860412117674,6.762031529214082,0.3985059140297751,0.3779299361687526,0.14024885740757498
0.7381966866952789,0.9298171916149411,6.757441531347378,0.39847150116125046,0.3786968279988967,0.14064105153768233
0.7396273004291846,0.9304507062038826,6.752840602178876,0.39843683097561505,0.3794638561588085,0.1410342002055311
0.7410579141630901,0.9310865388543543,6.74822913336355,0.3984019018162893,0.38023103405859104,0.1414283052687845
0.7424885278969957,0.9317247406249145,6.743606811347962,0.3983667120167624,0.3809983508481955,0.14182337431959768
0.7439191416309012,0.9323653070093553,6.738973726224823,0.3983312599005341,0.38176580956325323,0.14221941171630936
0.7453497553648069,0.9330082474498487,6.734329867236593,0.3982955437810535,0.3825334097607801,0.14261642266647007
0.7467803690987125,0.9336535578837989,6.729675321348244,0.3982595619616587,0.3833011544026075,0.14301441160740364
0.748210982832618,0.9343012753035329,6.725009879857356,0.39822331273551576,0.3840690361282712,0.1434133854387195
0.7496415965665236,0.934951409676664,6.720333529795427,0.3981867943855564,0.3848370543640864,0.14381334949492044
0.7510722103004291,0.9356039428680054,6.715646460316398,0.398150005184418,0.3856052156466633,0.1442143074669678
0.7525028240343348,0.9362588846279801,6.710948659970466,0.3981129433943798,0.3863735194998878,0.14461626472976963
0.7539334377682403,0.936916286430383,6.706239819053945,0.398075607267302,0.3871419548740214,0.14501922918476998
0.7553640515021459,0.9375761166227344,6.701520224099137,0.3980379950445623,0.38791053177198337,0.14542320380292761
0.7567946652360515,0.9382384127294423,6.696789666606257,0.3980001049569925,0.38867924267236725,0.14582819572103967
0.7582252789699571,0.9389031432581494,6.6920484315090185,0.3979619352248158,0.38944809759605314,0.14623420797054762
0.7596558927038627,0.9395703459666509,6.687296309586384,0.3979234840575828,0.3902170889692944,0.1466412477683874
0.7610865064377682,0.9402400449201195,6.682533190461368,0.3978847496541067,0.390986212680786,0.14704932154986755
0.7625171201716738,0.9409122503427684,6.677759062963269,0.39784573020240055,0.3917554681452304,0.1474584349526729
0.7639477339055794,0.9415869306443034,6.672974212673243,0.39780642387961046,0.392524865494827,0.14786859111616987
0.765378347639485,0.9422641378337698,6.668178332271453,0.3977668288519519,0.39329439348410833,0.14827979826576518
0.7668089613733906,0.9429438964757492,6.663371310491513,0.3977269432746428,0.3940640478629167,0.1486920630109161
0.7682395751072961,0.9436261610549973,6.658553531575291,0.3976867652918399,0.39483384239571023,0.14910538773608387
0.7696701888412018,0.9443109418652842,6.6537249846628885,0.39764629303656956,0.3956037765574028,0.14951977823889456
0.7711008025751073,0.9449983056201215,6.64888526234602,0.39760552463066445,0.39637383527353104,0.14993524379712314
0.7725314163090129,0.9456882487553312,6.644034453689373,0.397564458184694,0.3971440215510704,0.15035178944781402
0.7739620300429184,0.9463807400045484,6.639172841946666,0.3975230917978987,0.3979143455916168,0.15076941855961776
0.775392643776824,0.9470758320836017,6.6343001207795025,0.39748142355812155,0.39868479590564876,0.15118813967436823
0.7768232575107296,0.9477735358465672,6.629416278823759,0.39743945154174076,0.3994553718103877,0.15160795881319444
0.7782538712446352,0.948473848210142,6.624521402499962,0.3973971738136014,0.40022607625091383,0.15202888117482632
0.7796844849785408,0.9491767376945349,6.619615776131302,0.39735458842694604,0.4009969195874129,0.1524509102364332
0.7811150987124463,0.9498822998740696,6.614698797959051,0.3973116934233466,0.40176787914594153,0.15287405734668263
0.782545712446352,0.9505904751683563,6.609770949016494,0.3972684868326346,0.40253897261675076,0.15329832432103763
0.7839763261802575,0.9513013171843605,6.604831921999658,0.3972249666728311,0.4033101882279354,0.1537237200018991
0.7854069399141631,0.9520148370694145,6.599881706172883,0.39718113095007784,0.40408152526158664,0.1541502506494704
0.7868375536480686,0.9527310177130665,6.594920486856544,0.3971369776585639,0.40485299040976597,0.15457792080354463
0.7882681673819742,0.9534498846258501,6.589948154060782,0.39709250478045915,0.4056245792314958,0.15500673768671736
0.7896987811158798,0.9541714349413878,6.5849647946813095,0.3970477102858392,0.40639629472693006,0.15543670679442287
0.7911293948497854,0.9548957227050672,6.579970103311726,0.39700259213261674,0.4071681249535027,0.15586783721396516
0.792560008583691,0.9556227168173304,6.574964362615328,0.396957148266467,0.4079400803424174,0.15630013275614996
0.7939906223175965,0.9563524572600194,6.569947365619904,0.39691137662075804,0.4087121526448568,0.15673360171337153
0.7954212360515022,0.9570848989235894,6.564919490680644,0.39686527511647696,0.40948435605242633,0.1571682470819698
0.7968518497854077,0.957820138548525,6.5598801427385816,0.3968188416621567,0.4102566673307213,0.15760408080428603
0.7982824635193133,0.9585581312364938,6.55482969934706,0.396772074153803,0.41102910064063847,0.15804110596760673
0.7997130772532188,0.9592988889109739,6.54976814818628,0.396724970474821,0.41180165516347683,0.1584793292652236
0.8011436909871245,0.9600424516965081,6.544695285168335,0.3966775284959418,0.41257432260020166,0.15891875921559634
0.8025743047210301,0.9607888317034592,6.539611098559114,0.396629746075146,0.4133471020679556,0.15935940261527254
0.8040049184549356,0.9615380124894872,6.5345157711570785,0.39658162105759104,0.4141200002927731,0.15980126449057458
0.8054355321888412,0.9622900204971867,6.529409194052798,0.39653315127553557,0.41489301261675365,0.16024435262439768
0.8068661459227467,0.963044853579816,6.524291453117499,0.3964843345482628,0.41566614200081037,0.1606886730277647
0.8082967596566524,0.96380255245737,6.519162344153989,0.39643516868200734,0.41643937997716385,0.16113423448247507
0.8097273733905579,0.9645631439340298,6.514021758651518,0.39638565146987614,0.41721272177054186,0.1615810449363792
0.8111579871244635,0.9653265688943393,6.508870168544297,0.3963357806917737,0.4179861856163955,0.162029106889862
0.8125886008583691,0.9660929112631201,6.503707080268939,0.39628555411432437,0.4187597514796077,0.16247843202414597
0.8140192145922747,0.9668621263160667,6.498532868507062,0.39623496949079595,0.41953343379554475,0.1629290238369675
0.8154498283261803,0.9676342698403755,6.493347231507296,0.39618402456102175,0.4203072200503722,0.16338089230877892
0.8168804420600858,0.9684093543932125,6.488150159512363,0.3961327170513222,0.4210811093224999,0.16383404469931945
0.8183110557939914,0.9691873353684003,6.4829420256417905,0.39608104467442695,0.4218551161145719,0.1642884846273691
0.819741669527897,0.9699683117900003,6.477722241858047,0.3960290051293964,0.4226292162337544,0.16474422501137442
0.8211722832618026,0.9707522247921069,6.472491277086872,0.3959765961015422,0.42340342806480996,0.16520126863688778
0.8226028969957081,0.97153914485381,6.4672487366682825,0.3959238152623496,0.42417773508568174,0.16565962668766676
0.8240335107296137,0.9723290273663165,6.461994993812367,0.3958706602693939,0.4249521518979934,0.16611930294925709
0.8254641244635194,0.9731219577737698,6.456729556852003,0.39581712876626507,0.4257266578972065,0.1665803096842051
0.8268947381974249,0.9739178625924492,6.451452990557666,0.3957632183824842,0.42650127557279266,0.16704264888645548
0.8283253519313305,0.974716812927885,6.4461649002503165,0.3957089267334244,0.4272759882046189,0.16750633199010276
0.829755965665236,0.9755187931448959,6.440865467003188,0.3956542514202285,0.42805080263075596,0.16797136483721892
0.8311865793991416,0.9763238603553024,6.435554391647274,0.39559919002972804,0.42882570589755536,0.16843775806489616
0.8326171931330472,0.9771319699688271,6.430232046731656,0.39554374013436233,0.4296007127727302,0.16890551571584497
0.8340478068669528,0.9779432082649635,6.4248979430278155,0.39548789929209555,0.43037580233212386,0.16937465044446007
0.8354784206008583,0.9787575163045242,6.419552547502151,0.39543166504633387,0.4311509933142207,0.16984516544373432
0.8369090343347639,0.9795749224701409,6.414195752720597,0.39537503492584386,0.43192628063237665,0.1703170696741878
0.8383396480686696,0.9803954694850724,6.408827358698086,0.39531800644466797,0.43270165525495435,0.1707903730985212
0.8397702618025751,0.9812191570513618,6.403447448030914,0.3952605771020426,0.43347711994055327,0.17126508290324852
0.8412008755364807,0.982046013539844,6.398055916475305,0.39520274438231273,0.4342526695908446,0.1717412082163555
0.8426314892703862,0.9828760094749637,6.392653037218765,0.3951445057548491,0.4350283150283401,0.1722187543947099
0.8440621030042919,0.9837092026073783,6.387238515737821,0.3950858586739627,0.4358040430933326,0.17269773261393137
0.8454927167381974,0.9845455782604791,6.381812529472615,0.39502680057882056,0.43657986057167475,0.17317814931140144
0.846923330472103,0.9853851944626348,6.376374784691206,0.39496732889336134,0.43735575420374045,0.17366001580171395
0.8483539442060086,0.986228021930836,6.370925554192198,0.3949074410262073,0.43813173484160794,0.17414333765654907
0.8497845579399141,0.9870740896855957,6.36546473343345,0.39484713437058155,0.4389077972532688,0.1746281243737905
0.8512151716738198,0.9879234124134486,6.359992311377733,0.39478640630422057,0.4396839401735417,0.1751143845550271
0.8526457854077253,0.9887760050340644,6.35450827608132,0.3947252541892869,0.44046016228274915,0.1756021268733565
0.8540763991416309,0.9896318818818106,6.349012619957177,0.39466367537228403,0.4412364624340616,0.17609136001912457
0.8555070128755364,0.9904910436372061,6.343505423438207,0.3946016671839695,0.44201284329187657,0.17658209182332893
0.8569376266094421,0.9913535635401516,6.337986303032143,0.39453922693926463,0.4427892873314117,0.17707433504388906
0.8583682403433477,0.992219354105452,6.332455904213108,0.3944763519371705,0.44356582179994875,0.17756809170488105
0.8597988540772532,0.9930885332663681,6.326913559774532,0.394413039460678,0.4443424167172249,0.17806337769049704
0.8612294678111588,0.9939610574951712,6.321359634565071,0.39434928677667985,0.44511908712712683,0.17856019808838638
0.8626600815450644,0.9948369420317564,6.3157941183280055,0.3942850911358812,0.44589583170930863,0.1790585619941113
0.86409069527897,0.9957162318074003,6.310216813252605,0.39422044977271314,0.4466726408337699,0.1795584805725602
0.8655213090128755,0.9965989570315983,6.304627616603427,0.3941553599052408,0.44744950897441654,0.18005996406282762
0.8669519227467811,0.9974850447027992,6.29902707869837,0.39408981873507465,0.44822645958724544,0.1805630157656769
0.8683825364806866,0.9983745990390137,6.293414629366043,0.3940238234472826,0.4490034664191363,0.18106765105425895
0.8698131502145923,0.9992676215261713,6.287790349479493,0.39395737121029667,0.449780532036239,0.1815738784057141
0.8712437639484979,1.0001640977325865,6.282154419883525,0.39389045917582566,0.45055766352025245,0.18208170526930273
0.8726743776824034,1.0010640590015176,6.276506733691516,0.3938230844787624,0.4513348550879159,0.182591142270258
0.874104991416309,1.0019675210022203,6.2708472834476865,0.39375524423709424,0.45211210537545987,0.18310219903212338
0.8755356051502146,1.0028745000166626,6.265176058495048,0.3936869355518101,0.45288941285818357,0.18361488528455233
0.8769662188841202,1.003785012398206,6.259493048384965,0.3936181555068117,0.45366677600295013,0.18412921082703443
0.8783968326180257,1.0046990592316352,6.253798338364908,0.3935489011688196,0.454444197615336,0.18464518447651354
0.8798274463519313,1.0056167021558642,6.24809163740971,0.39347916958728235,0.45522166335338904,0.18516281927247402
0.8812580600858368,1.0065379127018867,6.242373216040518,0.3934089577942826,0.4559991844219927,0.18568212213595917
0.8826886738197425,1.0074627222657973,6.236642972802624,0.3933382628044481,0.45677675507395304,0.18620310416444988
0.8841192875536481,1.0083911478305692,6.230900896638269,0.39326708161485424,0.4575543736584928,0.18672577553407277
0.8855499012875536,1.0093232060689443,6.225146979084119,0.3931954112049354,0.4583320386254866,0.18725014646806654
0.8869805150214592,1.0102589288459678,6.219381118815701,0.39312324853638864,0.45910974410446426,0.18777622831018256
0.8884111287553648,1.0111982733801335,6.213603674556105,0.39305059055308256,0.45988750553330365,0.18830402730599408
0.8898417424892704,1.0121413615718022,6.2078139929210385,0.3929774341809618,0.4606652913640552,0.18883356117794564
0.8912723562231759,1.0130880907848525,6.202012800596561,0.3929037763279535,0.4614431341825073,0.18936483215469463
0.8927029699570815,1.0140385834557575,6.196199444174031,0.3928296138838744,0.46222100226342594,0.18989785815404697
0.8941335836909872,1.0149927814867328,6.190374376826753,0.39275494372033476,0.46299891553407985,0.19043264462535442
0.8955641974248927,1.0159507780483172,6.184537128117408,0.39267976269064475,0.4637768506061135,0.19096920761756714
0.8969948111587983,1.0169125000864772,6.178688241756563,0.3926040676297202,0.4645548317766641,0.19150755166735192
0.8984254248927038,1.01787802597845,6.172827339640999,0.39252785535398593,0.4653328399077157,0.19204769194639842
0.8998560386266095,1.0188473581055721,6.166954507162326,0.39245112266128235,0.46611087768441456,0.1925896383999204
0.901286652360515,1.0198205148516573,6.161069733033892,0.3923738663307684,0.4668889432117587,0.1931334021655316
0.9027172660944206,1.0207975287109454,6.1551729216213324,0.3922960831228279,0.46766703053692327,0.1936789954484373
0.9041478798283262,1.0217783729008763,6.14926433541682,0.3922177697789725,0.4684451508246921,0.19422642636696386
0.9055784935622317,1.022763110707502,6.143343694546393,0.3921389230217456,0.46922328926654355,0.19477570944376021
0.9070091072961374,1.0237517457798562,6.13741107947346,0.3920595395546276,0.47000144827495477,0.19532685509095765
0.9084397210300429,1.02474429656651,6.1314664821574665,0.39197961606193854,0.47077962600668233,0.19587987483938274
0.9098703347639485,1.025740781191576,6.125509897228202,0.39189914920874214,0.4715578207272054,0.19643478027675515
0.911300948497854,1.026741218851377,6.119541313641458,0.3918181356407497,0.47233603040601624,0.1969915831471088
0.9127315622317597,1.0277456278627854,6.113560726349746,0.39173657198422174,0.47311425328243,0.19755029521364212
0.9141621759656652,1.0287540423246193,6.107568037333603,0.39165445484587375,0.4738924830208497,0.19811092944158584
0.9155927896995708,1.02976643579704,6.101563508735256,0.3915717808127776,0.47467073090951434,0.1986734945822199
0.9170234034334764,1.0307828885137784,6.095546770512382,0.39148854645226416,0.4754489772148965,0.1992380070445483
0.918454017167382,1.0318033581166512,6.089518179751104,0.3914047483118285,0.4762272379125058,0.19980447460965137
0.9198846309012876,1.0328279103860838,6.083477454468532,0.3913203829190291,0.47700549748567356,0.20037291283590394
0.9213152446351931,1.033856549162365,6.077424679729746,0.39123544678139405,0.47778375848555343,0.2009433329600979
0.9227458583690987,1.0348892741581925,6.071359964852764,0.39114993638632095,0.4785620247046446,0.20151574600493324
0.9241764721030042,1.0359261645840723,6.06528295354168,0.3910638482009815,0.47934027669141516,0.2020901687661762
0.9256070858369099,1.0369671804807294,6.0591939894054825,0.3909771786722223,0.4801185298779894,0.20266660960514757
0.9270376995708154,1.0380123771683294,6.053092858410755,0.39088992422646796,0.48089677182205587,0.20324508379072087
0.928468313304721,1.0390617285080508,6.0469798230383995,0.3908020812696233,0.4816750139835471,0.2038256008395446
0.9298989270386266,1.0401152841638588,6.040854704130796,0.39071364618697546,0.48245324560511815,0.2044081757977627
0.9313295407725322,1.041173098875035,6.034717295297422,0.39062461534309695,0.48323145441950954,0.20499282417939643
0.9327601545064378,1.0422351585228444,6.028567790866621,0.3905349850817459,0.4840096484201945,0.2055795566357687
0.9341907682403433,1.0433014544200585,6.022406352986663,0.3904447517257712,0.48478783405472164,0.2061683842917566
0.9356213819742489,1.0443720684445568,6.016232621519163,0.3903539115770114,0.485565991093865,0.20675932490561108
0.9370519957081545,1.0454469593444724,6.010046947880873,0.39026246091620004,0.48634413562816114,0.20735238743725093
0.9384826094420601,1.046526194437744,6.0038490585085516,0.3901703960028648,0.4871222517346981,0.2079475887913169
0.9399132231759657,1.0476097791473795,5.997639037212211,0.3900777130752324,0.48790034177364955,0.20854494149347874
0.9413438369098712,1.0486977345548094,5.991416878426755,0.3899844083501287,0.48867840350200703,0.20914445929972067
0.9427744506437769,1.0497900662783706,5.985182665572573,0.38989047802288246,0.48945643927913146,0.2097461549399131
0.9442050643776824,1.0508868267216585,5.978936215977301,0.38979591826722704,0.49023443761620655,0.2103500446460493
0.945635678111588,1.0519880217763933,5.972677613353203,0.3897007252352029,0.4910124008237378,0.21095614136976182
0.9470662918454935,1.0530936886105702,5.9664067643112455,0.3896048950570599,0.49179032194966027,0.2115644604424693
0.9484969055793991,1.0542038176488744,5.9601238413199695,0.3895084238411599,0.4925682079523314,0.21217501388688018
0.9499275193133048,1.0553184463108405,5.9538287510696035,0.3894113076738802,0.4933460518465513,0.21278781725773782
0.9513581330472103,1.0564375808173763,5.947521577487071,0.38931354261951356,0.4941238559492301,0.21340288393395893
0.9527887467811159,1.057561290229458,5.941202051576916,0.3892151247201755,0.49490160386485754,0.21402023200408218
0.9542193605150214,1.0586895340141986,5.934870521819402,0.3891160499957032,0.49567931189371967,0.21463987163118828
0.9556499742489271,1.059822381501584,5.928526719993784,0.38901631444356105,0.49645696358641955,0.21526182114183529
0.9570805879828326,1.0609598394089674,5.922170730496059,0.3889159140387424,0.4972345611936614,0.21588609437862818
0.9585112017167382,1.062101930313691,5.915802549500925,0.38881484473367395,0.4980121022540987,0.21651270645727969
0.9599418154506437,1.063248692618097,5.909422086104941,0.3887131024581203,0.4987895795843158,0.2171416737717069
0.9613724291845493,1.0644001176635607,5.903029512033179,0.3886106831190841,0.4995670001194795,0.21777300935727456
0.962803042918455,1.0655562440701678,5.896624736747198,0.38850758260071533,0.5003443566557499,0.21840672984743537
0.9642336566523605,1.0667170948452336,5.8902077575603045,0.3884037967642102,0.501121646684383,0.21904285083922134
0.9656642703862661,1.0678826774280532,5.883778658449963,0.38829932144771984,0.501898872398807,0.21968138689113656
0.9670948841201716,1.069053046841597,5.877337261927821,0.38819415246625305,0.5026760217092634,0.2203223562026957
0.9685254978540773,1.070228228726833,5.870883554112754,0.38808828561158054,0.5034530913648927,0.22096577491909405
0.9699561115879828,1.0714081941811386,5.864417820681063,0.3879817166521425,0.5042300945769439,0.22161165524951315
0.9713867253218884,1.0725930168461348,5.857939785637183,0.3878744413329505,0.5050070136925384,0.22226001713795512
0.9728173390557939,1.0737827207954274,5.851449446425422,0.38776645537549786,0.5057838459979888,0.22291087697215783
0.9742479527896996,1.074977259354578,5.8449471860940045,0.38765775447766176,0.5065606101828755,0.22356424598472666
0.9756785665236052,1.076176777038308,5.838432347956091,0.3875483343136124,0.5073372672012795,0.2242201497850582
0.9771091802575107,1.0773812224893509,5.831905342346628,0.3874381905337165,0.5081138372032586,0.22487859950388722
0.9785397939914163,1.0785905820817565,5.825366373079757,0.3873273187644493,0.5088903290057888,0.2255396091967637
0.9799704077253218,1.0798049604851627,5.818815005588152,0.38721571460829707,0.5096667156175333,0.22620320189566298
0.9814010214592275,1.081024366155537,5.8122513274373,0.38710337364366787,0.5104429991879944,0.22686939357103558
0.982831635193133,1.082248791934047,5.805675510111808,0.3869902914247996,0.511219186648437,0.22753819914529488
0.9842622489270386,1.0834782949032808,5.799087380647961,0.3868764634816683,0.5119952654588865,0.22820963848901935
0.9856928626609442,1.0847128679234712,5.7924871115504075,0.38676188531989597,0.5127712426077865,0.22888372678355937
0.9871234763948498,1.0859525200244002,5.7858747885574315,0.38664655242066287,0.5135471202163738,0.2295604805510216
0.9885540901287554,1.087197373193319,5.779249897122725,0.3865304602406158,0.5143228660300675,0.23023992495808607
0.9899847038626609,1.0884473562188706,5.77261295301096,0.3864136042117777,0.515098506635378,0.23092207075847312
0.9914153175965665,1.089702510846609,5.765963870541208,0.3862959797414611,0.5158740342669138,0.2316069373456134
0.992845931330472,1.090962895121739,5.759302479740573,0.3861775822121778,0.5166494361908113,0.23229454548901174
0.9942765450643777,1.092228534924843,5.752628782594419,0.3860584069815518,0.5174247094982425,0.23298491367345928
0.9957071587982833,1.0934994077623035,5.745943036253913,0.38593844938223315,0.5181998661022116,0.23367805685985624
0.9971377725321888,1.0947755883371506,5.739244986932058,0.3858177047218065,0.5189748882347247,0.23437399750879093
0.9985683862660945,1.0960571031083894,5.73253463652636,0.3856961682827109,0.5197497728871299,0.23507275457712357
0.999999,1.0973439459969794,5.725812157710561,0.3855738353221497,0.5205245270522911,0.23577434469463002
