wavenumber_ratio_r,true_u,true_epsilon,distinct_root_count,best_residual,roots_if_multiple
1.02,0.05,0.05,1,1.3361703201650493e-14,
1.02,0.05,0.16249999999999998,1,7.014382856183751e-16,
1.02,0.05,0.27499999999999997,1,7.022033303473203e-16,
1.02,0.05,0.38749999999999996,1,4.173413205203602e-15,
1.02,0.05,0.49999999999999994,1,9.570316446842042e-16,
1.02,0.05,0.6125,1,1.123228538547227e-15,
1.02,0.05,0.725,1,2.677979366039196e-16,
1.02,0.05,0.8374999999999999,1,7.809548133344095e-15,
1.02,0.05,0.95,1,1.5917164069640268e-14,
1.02,0.16249999999999998,0.05,1,1.4531979117126673e-15,
1.02,0.16249999999999998,0.16249999999999998,1,4.431671174534773e-16,
1.02,0.16249999999999998,0.27499999999999997,1,1.2945373939476923e-16,
1.02,0.16249999999999998,0.38749999999999996,1,4.260331290979596e-16,
1.02,0.16249999999999998,0.49999999999999994,1,2.1250362580715887e-17,
1.02,0.16249999999999998,0.6125,1,3.4377436874779135e-16,
1.02,0.16249999999999998,0.725,1,2.755704101549208e-16,
1.02,0.16249999999999998,0.8374999999999999,1,6.820646154834432e-16,
1.02,0.16249999999999998,0.95,1,1.2259891235823408e-15,
1.02,0.27499999999999997,0.05,1,1.7943545954635098e-17,
1.02,0.27499999999999997,0.16249999999999998,1,6.653128957675433e-16,
1.02,0.27499999999999997,0.27499999999999997,1,7.589415207398531e-18,
1.02,0.27499999999999997,0.38749999999999996,1,2.904224494331965e-16,
1.02,0.27499999999999997,0.49999999999999994,1,2.3369564740983007e-16,
1.02,0.27499999999999997,0.6125,1,1.9949319973733282e-16,
1.02,0.27499999999999997,0.725,1,6.706626105667425e-16,
1.02,0.27499999999999997,0.8374999999999999,1,3.0109479237680877e-16,
1.02,0.27499999999999997,0.95,1,5.898981716722663e-16,
1.02,0.38749999999999996,0.05,1,2.2805429852474456e-16,
1.02,0.38749999999999996,0.16249999999999998,1,7.37257477290143e-18,
1.02,0.38749999999999996,0.27499999999999997,1,3.9898639947466563e-17,
1.02,0.38749999999999996,0.38749999999999996,1,5.898059818321144e-17,
1.02,0.38749999999999996,0.49999999999999994,1,2.280683117536189e-16,
1.02,0.38749999999999996,0.6125,1,4.4159020766087724e-16,
1.02,0.38749999999999996,0.725,1,1.682681771697503e-16,
1.02,0.38749999999999996,0.8374999999999999,1,6.635719784602754e-16,
1.02,0.38749999999999996,0.95,1,1.1182853716212974e-15,
1.02,0.49999999999999994,0.05,1,3.0791341698588326e-17,
1.02,0.49999999999999994,0.16249999999999998,1,2.1962682096741335e-16,
1.02,0.49999999999999994,0.27499999999999997,1,2.185768789221321e-16,
1.02,0.49999999999999994,0.38749999999999996,1,2.0383000842727483e-17,
1.02,0.49999999999999994,0.49999999999999994,1,2.420918330306375e-16,
1.02,0.49999999999999994,0.6125,1,2.2719580052262414e-16,
1.02,0.49999999999999994,0.725,1,2.206442790453983e-16,
1.02,0.49999999999999994,0.8374999999999999,1,2.688821387764051e-16,
1.02,0.49999999999999994,0.95,1,2.221546919182835e-16,
1.02,0.6125,0.05,1,8.348356728138384e-18,
1.02,0.6125,0.16249999999999998,1,1.8648277366750676e-17,
1.02,0.6125,0.27499999999999997,1,2.1982615478435572e-16,
1.02,0.6125,0.38749999999999996,1,4.85722573273506e-17,
1.02,0.6125,0.49999999999999994,1,5.204170427930421e-18,
1.02,0.6125,0.6125,1,9.194034422677078e-17,
1.02,0.6125,0.725,1,3.3850229525724967e-16,
1.02,0.6125,0.8374999999999999,1,1.3704315460216776e-16,
1.02,0.6125,0.95,1,2.5945571893371344e-16,
1.02,0.725,0.05,1,2.927345865710862e-18,
1.02,0.725,0.16249999999999998,1,2.1514942440898256e-16,
1.02,0.725,0.27499999999999997,1,2.5153490401663703e-17,
1.02,0.725,0.38749999999999996,1,2.173602285337623e-16,
1.02,0.725,0.49999999999999994,1,1.0408340855860843e-17,
1.02,0.725,0.6125,1,5.724587470723463e-17,
1.02,0.725,0.725,1,2.3193453981493567e-16,
1.02,0.725,0.8374999999999999,1,1.5785983631388945e-16,
1.02,0.725,0.95,1,2.0469737016526324e-16,
1.02,0.8374999999999999,0.05,1,1.235990476633475e-17,
1.02,0.8374999999999999,0.16249999999999998,1,8.326672684688674e-17,
1.02,0.8374999999999999,0.27499999999999997,1,4.62374589363576e-16,
1.02,0.8374999999999999,0.38749999999999996,1,2.1457344368072988e-16,
1.02,0.8374999999999999,0.49999999999999994,1,2.1595042959904955e-16,
1.02,0.8374999999999999,0.6125,1,2.1457344368072988e-16,
1.02,0.8374999999999999,0.725,1,2.504979141641036e-16,
1.02,0.8374999999999999,0.8374999999999999,1,5.503203464845661e-16,
1.02,0.8374999999999999,0.95,1,2.1544120232613906e-16,
1.02,0.95,0.05,1,1.942890293094024e-16,
1.02,0.95,0.16249999999999998,1,7.641058170850049e-16,
1.02,0.95,0.27499999999999997,1,2.525378477556591e-16,
1.02,0.95,0.38749999999999996,1,1.2663481374630692e-16,
1.02,0.95,0.49999999999999994,1,2.0407899217551515e-16,
1.02,0.95,0.6125,1,5.134898698599272e-16,
1.02,0.95,0.725,1,1.0681615267849746e-15,
1.02,0.95,0.8374999999999999,1,9.603790139143229e-16,
1.02,0.95,0.95,1,6.980747984124483e-16,
1.05,0.05,0.05,1,2.8916379265979716e-15,
1.05,0.05,0.16249999999999998,1,2.275776839877812e-16,
1.05,0.05,0.27499999999999997,1,1.5512879294610895e-15,
1.05,0.05,0.38749999999999996,1,2.666643678126178e-16,
1.05,0.05,0.49999999999999994,1,1.554204854214363e-15,
1.05,0.05,0.6125,1,4.664344098450257e-16,
1.05,0.05,0.725,1,2.224049326024005e-15,
1.05,0.05,0.8374999999999999,1,1.1114564876135466e-15,
1.05,0.05,0.95,1,6.369063464833736e-15,
1.05,0.16249999999999998,0.05,1,2.6649576921200035e-16,
1.05,0.16249999999999998,0.16249999999999998,1,4.510155935554046e-16,
1.05,0.16249999999999998,0.27499999999999997,1,4.4154867917165265e-16,
1.05,0.16249999999999998,0.38749999999999996,1,2.282496651223037e-16,
1.05,0.16249999999999998,0.49999999999999994,1,4.730875896146611e-16,
1.05,0.16249999999999998,0.6125,1,4.7704895589362195e-17,
1.05,0.16249999999999998,0.725,1,3.5041414214731503e-16,
1.05,0.16249999999999998,0.8374999999999999,1,2.973469872404669e-16,
1.05,0.16249999999999998,0.95,1,2.1163626406917047e-16,
1.05,0.27499999999999997,0.05,1,4.429857564351022e-16,
1.05,0.27499999999999997,0.16249999999999998,1,1.1188966420050406e-16,
1.05,0.27499999999999997,0.27499999999999997,1,1.209969624493823e-16,
1.05,0.27499999999999997,0.38749999999999996,1,7.45931094670027e-17,
1.05,0.27499999999999997,0.49999999999999994,1,6.071532165918825e-18,
1.05,0.27499999999999997,0.6125,1,3.642919299551295e-17,
1.05,0.27499999999999997,0.725,1,3.4227285518783086e-16,
1.05,0.27499999999999997,0.8374999999999999,1,2.213472487795431e-16,
1.05,0.27499999999999997,0.95,1,3.3787747803814714e-16,
1.05,0.38749999999999996,0.05,1,2.1857526553279057e-16,
1.05,0.38749999999999996,0.16249999999999998,1,9.410874857174178e-17,
1.05,0.38749999999999996,0.27499999999999997,1,1.6479873021779667e-17,
1.05,0.38749999999999996,0.38749999999999996,1,1.1275702593849246e-17,
1.05,0.38749999999999996,0.49999999999999994,1,1.0755285551056204e-16,
1.05,0.38749999999999996,0.6125,1,7.979727989493313e-17,
1.05,0.38749999999999996,0.725,1,1.1102230246251565e-16,
1.05,0.38749999999999996,0.8374999999999999,1,3.9259977185645556e-16,
1.05,0.38749999999999996,0.95,1,5.204170427930421e-17,
1.05,0.49999999999999994,0.05,1,3.3393426912553537e-17,
1.05,0.49999999999999994,0.16249999999999998,1,5.117434254131581e-17,
1.05,0.49999999999999994,0.27499999999999997,1,3.8163916471489756e-17,
1.05,0.49999999999999994,0.38749999999999996,1,1.3877787807814457e-17,
1.05,0.49999999999999994,0.49999999999999994,1,2.740863092043355e-16,
1.05,0.49999999999999994,0.6125,1,1.43982048506075e-16,
1.05,0.49999999999999994,0.725,1,3.791710304710885e-16,
1.05,0.49999999999999994,0.8374999999999999,1,2.404954960958296e-16,
1.05,0.49999999999999994,0.95,1,4.129953640173151e-16,
1.05,0.6125,0.05,1,2.1532691879168277e-16,
1.05,0.6125,0.16249999999999998,1,0.0,
1.05,0.6125,0.27499999999999997,1,9.540979117872439e-18,
1.05,0.6125,0.38749999999999996,1,0.0,
1.05,0.6125,0.49999999999999994,1,1.6306400674181987e-16,
1.05,0.6125,0.6125,1,4.5102810375396984e-17,
1.05,0.6125,0.725,1,2.777508439858666e-16,
1.05,0.6125,0.8374999999999999,1,1.2836953722228372e-16,
1.05,0.6125,0.95,1,6.245004513516506e-17,
1.05,0.725,0.05,1,6.288372600415926e-18,
1.05,0.725,0.16249999999999998,1,2.0816681711721685e-17,
1.05,0.725,0.27499999999999997,1,1.734723475976807e-17,
1.05,0.725,0.38749999999999996,1,8.500145032286355e-17,
1.05,0.725,0.49999999999999994,1,2.3926610206402113e-16,
1.05,0.725,0.6125,1,5.204170427930421e-17,
1.05,0.725,0.725,1,2.1000903724951387e-16,
1.05,0.725,0.8374999999999999,1,5.551115123125783e-17,
1.05,0.725,0.95,1,5.204170427930421e-16,
1.05,0.8374999999999999,0.05,1,1.9498669986643655e-16,
1.05,0.8374999999999999,0.16249999999999998,1,4.029499766601072e-16,
1.05,0.8374999999999999,0.27499999999999997,1,3.8163916471489756e-17,
1.05,0.8374999999999999,0.38749999999999996,1,4.0227635224698146e-16,
1.05,0.8374999999999999,0.49999999999999994,1,6.429719275558402e-16,
1.05,0.8374999999999999,0.6125,1,1.1102230246251565e-16,
1.05,0.8374999999999999,0.725,1,2.220446049250313e-16,
1.05,0.8374999999999999,0.8374999999999999,1,1.986996825864056e-16,
1.05,0.8374999999999999,0.95,1,7.4064363658246225e-16,
1.05,0.95,0.05,1,7.771833428197408e-16,
1.05,0.95,0.16249999999999998,1,2.787728152484798e-16,
1.05,0.95,0.27499999999999997,1,2.8177377798042847e-16,
1.05,0.95,0.38749999999999996,1,3.157196726277789e-16,
1.05,0.95,0.49999999999999994,1,8.38314879211208e-16,
1.05,0.95,0.6125,1,4.380305591047026e-16,
1.05,0.95,0.725,1,4.467376080957673e-16,
1.05,0.95,0.8374999999999999,1,2.1510571102112408e-16,
1.05,0.95,0.95,1,6.38378239159465e-16,
1.1,0.05,0.05,1,1.9915308578825243e-15,
1.1,0.05,0.16249999999999998,1,4.196781194879311e-15,
1.1,0.05,0.27499999999999997,1,2.793599171799675e-16,
1.1,0.05,0.38749999999999996,1,6.648487556479283e-16,
1.1,0.05,0.49999999999999994,1,4.5593149444155174e-15,
1.1,0.05,0.6125,1,4.432362459133347e-15,
1.1,0.05,0.725,1,4.4532124719727045e-15,
1.1,0.05,0.8374999999999999,1,1.001567822411459e-15,
1.1,0.05,0.95,1,1.412064909445121e-15,
1.1,0.16249999999999998,0.05,1,4.3893324734542056e-16,
1.1,0.16249999999999998,0.16249999999999998,1,4.0332320816460765e-17,
1.1,0.16249999999999998,0.27499999999999997,1,2.526093342208829e-16,
1.1,0.16249999999999998,0.38749999999999996,1,6.611117424610733e-16,
1.1,0.16249999999999998,0.49999999999999994,1,2.0296264668928643e-16,
1.1,0.16249999999999998,0.6125,1,7.45931094670027e-17,
1.1,0.16249999999999998,0.725,1,4.447502505919114e-16,
1.1,0.16249999999999998,0.8374999999999999,1,2.8614000017386287e-16,
1.1,0.16249999999999998,0.95,1,2.5291292627693247e-16,
1.1,0.27499999999999997,0.05,1,2.1861000455089544e-16,
1.1,0.27499999999999997,0.16249999999999998,1,4.336808689942018e-17,
1.1,0.27499999999999997,0.27499999999999997,1,9.367506770274758e-17,
1.1,0.27499999999999997,0.38749999999999996,1,2.7417412923517107e-16,
1.1,0.27499999999999997,0.49999999999999994,1,6.591949208711867e-17,
1.1,0.27499999999999997,0.6125,1,0.0,
1.1,0.27499999999999997,0.725,1,3.670733901200031e-16,
1.1,0.27499999999999997,0.8374999999999999,1,2.2074654438639617e-16,
1.1,0.27499999999999997,0.95,1,3.559872787854429e-16,
1.1,0.38749999999999996,0.05,1,2.153573784974063e-16,
1.1,0.38749999999999996,0.16249999999999998,1,2.1544818617308082e-16,
1.1,0.38749999999999996,0.27499999999999997,1,2.249796576380341e-16,
1.1,0.38749999999999996,0.38749999999999996,1,2.1513368861258285e-16,
1.1,0.38749999999999996,0.49999999999999994,1,4.163336342344337e-17,
1.1,0.38749999999999996,0.6125,1,4.85722573273506e-17,
1.1,0.38749999999999996,0.725,1,4.85722573273506e-17,
1.1,0.38749999999999996,0.8374999999999999,1,2.2390704291028953e-16,
1.1,0.38749999999999996,0.95,1,2.5673907444456745e-16,
1.1,0.49999999999999994,0.05,1,4.7704895589362195e-18,
1.1,0.49999999999999994,0.16249999999999998,1,3.8163916471489756e-17,
1.1,0.49999999999999994,0.27499999999999997,1,4.5102810375396984e-17,
1.1,0.49999999999999994,0.38749999999999996,1,1.0408340855860843e-17,
1.1,0.49999999999999994,0.49999999999999994,1,1.0408340855860843e-17,
1.1,0.49999999999999994,0.6125,1,6.938893903907228e-17,
1.1,0.49999999999999994,0.725,1,4.0233619253771735e-16,
1.1,0.49999999999999994,0.8374999999999999,1,2.360244132317689e-16,
1.1,0.49999999999999994,0.95,1,1.3877787807814457e-17,
1.1,0.6125,0.05,1,2.0816681711721685e-16,
1.1,0.6125,0.16249999999999998,1,1.944128986425528e-16,
1.1,0.6125,0.27499999999999997,1,3.469446951953614e-18,
1.1,0.6125,0.38749999999999996,1,1.4224732503009818e-16,
1.1,0.6125,0.49999999999999994,1,1.3877787807814457e-17,
1.1,0.6125,0.6125,1,1.0408340855860843e-16,
1.1,0.6125,0.725,1,3.469446951953614e-17,
1.1,0.6125,0.8374999999999999,1,3.581437341294552e-16,
1.1,0.6125,0.95,1,2.5814177514652363e-16,
1.1,0.725,0.05,1,1.431146867680866e-17,
1.1,0.725,0.16249999999999998,1,0.0,
1.1,0.725,0.27499999999999997,1,1.734723475976807e-17,
1.1,0.725,0.38749999999999996,1,1.9432000404524038e-16,
1.1,0.725,0.49999999999999994,1,1.942890293094024e-16,
1.1,0.725,0.6125,1,4.163336342344337e-17,
1.1,0.725,0.725,1,1.3183898417423734e-16,
1.1,0.725,0.8374999999999999,1,4.257111788135694e-16,
1.1,0.725,0.95,1,4.46899245057492e-16,
1.1,0.8374999999999999,0.05,1,3.610124290127101e-16,
1.1,0.8374999999999999,0.16249999999999998,1,1.9448254047199828e-16,
1.1,0.8374999999999999,0.27499999999999997,1,1.0408340855860843e-17,
1.1,0.8374999999999999,0.38749999999999996,1,1.3877787807814457e-17,
1.1,0.8374999999999999,0.49999999999999994,1,7.632783294297951e-17,
1.1,0.8374999999999999,0.6125,1,1.944128986425528e-16,
1.1,0.8374999999999999,0.725,1,2.220446049250313e-16,
1.1,0.8374999999999999,0.8374999999999999,1,2.309724214262959e-16,
1.1,0.8374999999999999,0.95,1,0.0,
1.1,0.95,0.05,1,7.771638615002563e-16,
1.1,0.95,0.16249999999999998,1,6.938893903907228e-18,
1.1,0.95,0.27499999999999997,1,5.569407999111905e-16,
1.1,0.95,0.38749999999999996,1,2.423651445728339e-16,
1.1,0.95,0.49999999999999994,1,3.5333894300643197e-16,
1.1,0.95,0.6125,1,6.206335383118183e-16,
1.1,0.95,0.725,1,5.79553433516819e-16,
1.1,0.95,0.8374999999999999,1,4.081579843510303e-16,
1.1,0.95,0.95,1,4.793364605007606e-16,
1.2,0.05,0.05,1,6.610392026467362e-16,
1.2,0.05,0.16249999999999998,1,5.561544583225909e-16,
1.2,0.05,0.27499999999999997,1,1.9949319973733282e-17,
1.2,0.05,0.38749999999999996,1,1.7730675178663063e-15,
1.2,0.05,0.49999999999999994,1,8.978283361946894e-16,
1.2,0.05,0.6125,1,4.211826435278946e-15,
1.2,0.05,0.725,1,5.653497142586262e-16,
1.2,0.05,0.8374999999999999,1,3.793884660775162e-15,
1.2,0.05,0.95,1,2.338942529281246e-15,
1.2,0.16249999999999998,0.05,1,2.156559611854102e-16,
1.2,0.16249999999999998,0.16249999999999998,1,2.18315138982372e-16,
1.2,0.16249999999999998,0.27499999999999997,1,4.485392477983968e-16,
1.2,0.16249999999999998,0.38749999999999996,1,4.3371209289274946e-16,
1.2,0.16249999999999998,0.49999999999999994,1,4.4023713804734606e-16,
1.2,0.16249999999999998,0.6125,1,2.2079425200240588e-16,
1.2,0.16249999999999998,0.725,1,2.2055561072769885e-16,
1.2,0.16249999999999998,0.8374999999999999,1,3.454847266993073e-16,
1.2,0.16249999999999998,0.95,1,1.2642933181846446e-15,
1.2,0.27499999999999997,0.05,1,2.151214488640407e-16,
1.2,0.27499999999999997,0.16249999999999998,1,2.6020852139652106e-18,
1.2,0.27499999999999997,0.27499999999999997,1,1.0408340855860843e-17,
1.2,0.27499999999999997,0.38749999999999996,1,2.082824332422744e-16,
1.2,0.27499999999999997,0.49999999999999994,1,6.938893903907228e-18,
1.2,0.27499999999999997,0.6125,1,2.7755575615628914e-17,
1.2,0.27499999999999997,0.725,1,2.48374603233007e-16,
1.2,0.27499999999999997,0.8374999999999999,1,5.015991251741031e-16,
1.2,0.27499999999999997,0.95,1,6.478698685078905e-16,
1.2,0.38749999999999996,0.05,1,2.082684362675785e-16,
1.2,0.38749999999999996,0.16249999999999998,1,2.09578719802802e-16,
1.2,0.38749999999999996,0.27499999999999997,1,3.122502256758253e-17,
1.2,0.38749999999999996,0.38749999999999996,1,1.0408340855860843e-17,
1.2,0.38749999999999996,0.49999999999999994,1,2.0816681711721685e-16,
1.2,0.38749999999999996,0.6125,1,4.163336342344337e-17,
1.2,0.38749999999999996,0.725,1,1.1102230246251565e-16,
1.2,0.38749999999999996,0.8374999999999999,1,2.0816681711721685e-16,
1.2,0.38749999999999996,0.95,1,5.440840647496218e-16,
1.2,0.49999999999999994,0.05,1,5.637851296924623e-18,
1.2,0.49999999999999994,0.16249999999999998,1,4.163336342344337e-17,
1.2,0.49999999999999994,0.27499999999999997,1,1.0408340855860843e-17,
1.2,0.49999999999999994,0.38749999999999996,1,3.469446951953614e-18,
1.2,0.49999999999999994,0.49999999999999994,1,2.0816681711721685e-16,
1.2,0.49999999999999994,0.6125,1,6.245004513516506e-17,
1.2,0.49999999999999994,0.725,1,1.3877787807814457e-17,
1.2,0.49999999999999994,0.8374999999999999,1,2.1000903724951387e-16,
1.2,0.49999999999999994,0.95,1,1.942890293094024e-16,
1.2,0.6125,0.05,1,0.0,
1.2,0.6125,0.16249999999999998,1,1.734723475976807e-17,
1.2,0.6125,0.27499999999999997,1,2.0113817612349073e-16,
1.2,0.6125,0.38749999999999996,1,4.163336342344337e-17,
1.2,0.6125,0.49999999999999994,1,1.962615573354719e-16,
1.2,0.6125,0.6125,1,2.0407899217551515e-16,
1.2,0.6125,0.725,1,1.249000902703301e-16,
1.2,0.6125,0.8374999999999999,1,3.1646225226420963e-16,
1.2,0.6125,0.95,1,8.601989796748052e-16,
1.2,0.725,0.05,1,0.0,
1.2,0.725,0.16249999999999998,1,6.245004513516506e-17,
1.2,0.725,0.27499999999999997,1,1.9945548479234367e-16,
1.2,0.725,0.38749999999999996,1,4.85722573273506e-17,
1.2,0.725,0.49999999999999994,1,1.716587549445839e-16,
1.2,0.725,0.6125,1,4.163336342344337e-17,
1.2,0.725,0.725,1,1.942890293094024e-16,
1.2,0.725,0.8374999999999999,1,3.6743392481035993e-16,
1.2,0.725,0.95,1,3.6188843062238402e-16,
1.2,0.8374999999999999,0.05,1,1.6680653908556425e-16,
1.2,0.8374999999999999,0.16249999999999998,1,1.1188630228279524e-16,
1.2,0.8374999999999999,0.27499999999999997,1,2.0816681711721685e-17,
1.2,0.8374999999999999,0.38749999999999996,1,2.0014830212433605e-16,
1.2,0.8374999999999999,0.49999999999999994,1,3.3422138886441676e-16,
1.2,0.8374999999999999,0.6125,1,1.6711069443220838e-16,
1.2,0.8374999999999999,0.725,1,4.0245584642661925e-16,
1.2,0.8374999999999999,0.8374999999999999,1,2.498001805406602e-16,
1.2,0.8374999999999999,0.95,1,2.5589376332604516e-16,
1.2,0.95,0.05,1,6.938893903907228e-18,
1.2,0.95,0.16249999999999998,1,1.3877787807814457e-17,
1.2,0.95,0.27499999999999997,1,2.2591401799415137e-16,
1.2,0.95,0.38749999999999996,1,2.3263411494723067e-16,
1.2,0.95,0.49999999999999994,1,2.237726045655905e-16,
1.2,0.95,0.6125,1,1.3877787807814457e-17,
1.2,0.95,0.725,1,0.0,
1.2,0.95,0.8374999999999999,1,1.6653345369377348e-16,
1.2,0.95,0.95,1,1.047382306668854e-15,
1.5,0.05,0.05,1,5.036842992118919e-15,
1.5,0.05,0.16249999999999998,1,2.1907875335540332e-15,
1.5,0.05,0.27499999999999997,1,5.040876591951504e-15,
1.5,0.05,0.38749999999999996,1,1.974286798891133e-15,
1.5,0.05,0.49999999999999994,1,9.23311357065641e-16,
1.5,0.05,0.6125,1,5.518993840317954e-15,
1.5,0.05,0.725,1,2.4389473323008142e-15,
1.5,0.05,0.8374999999999999,1,5.838501981179869e-15,
1.5,0.05,0.95,1,2.841771454226875e-15,
1.5,0.16249999999999998,0.05,1,1.1709383462843448e-17,
1.5,0.16249999999999998,0.16249999999999998,1,8.465894896258417e-16,
1.5,0.16249999999999998,0.27499999999999997,1,2.1978337156769243e-16,
1.5,0.16249999999999998,0.38749999999999996,1,2.306595211858756e-16,
1.5,0.16249999999999998,0.49999999999999994,1,4.163336342344337e-17,
1.5,0.16249999999999998,0.6125,1,1.8041124150158794e-16,
1.5,0.16249999999999998,0.725,1,4.350664344060663e-16,
1.5,0.16249999999999998,0.8374999999999999,1,6.111011267082935e-16,
1.5,0.16249999999999998,0.95,1,1.7101241535490975e-15,
1.5,0.27499999999999997,0.05,1,3.469446951953614e-18,
1.5,0.27499999999999997,0.16249999999999998,1,1.9448254047199828e-16,
1.5,0.27499999999999997,0.27499999999999997,1,2.42861286636753e-17,
1.5,0.27499999999999997,0.38749999999999996,1,2.194270917860438e-16,
1.5,0.27499999999999997,0.49999999999999994,1,2.2171910569566214e-16,
1.5,0.27499999999999997,0.6125,1,8.326672684688674e-17,
1.5,0.27499999999999997,0.725,1,2.1000903724951387e-16,
1.5,0.27499999999999997,0.8374999999999999,1,2.3592239273284576e-16,
1.5,0.27499999999999997,0.95,1,3.015825618693614e-16,
1.5,0.38749999999999996,0.05,1,9.627715291671279e-17,
1.5,0.38749999999999996,0.16249999999999998,1,0.0,
1.5,0.38749999999999996,0.27499999999999997,1,1.3877787807814457e-17,
1.5,0.38749999999999996,0.38749999999999996,1,2.0206364052201326e-16,
1.5,0.38749999999999996,0.49999999999999994,1,1.249000902703301e-16,
1.5,0.38749999999999996,0.6125,1,9.71445146547012e-17,
1.5,0.38749999999999996,0.725,1,2.242025235105681e-16,
1.5,0.38749999999999996,0.8374999999999999,1,1.6653345369377348e-16,
1.5,0.38749999999999996,0.95,1,3.3306690738754696e-16,
1.5,0.49999999999999994,0.05,1,4.5102810375396984e-17,
1.5,0.49999999999999994,0.16249999999999998,1,1.6653345369377348e-16,
1.5,0.49999999999999994,0.27499999999999997,1,3.891352488241671e-16,
1.5,0.49999999999999994,0.38749999999999996,1,4.85722573273506e-17,
1.5,0.49999999999999994,0.49999999999999994,1,1.716587549445839e-16,
1.5,0.49999999999999994,0.6125,1,1.5265566588595902e-16,
1.5,0.49999999999999994,0.725,1,2.7755575615628914e-17,
1.5,0.49999999999999994,0.8374999999999999,1,2.0816681711721685e-16,
1.5,0.49999999999999994,0.95,1,4.163336342344337e-16,
1.5,0.6125,0.05,1,5.204170427930421e-18,
1.5,0.6125,0.16249999999999998,1,1.668583973270389e-16,
1.5,0.6125,0.27499999999999997,1,1.716587549445839e-16,
1.5,0.6125,0.38749999999999996,1,1.3877787807814457e-17,
1.5,0.6125,0.49999999999999994,1,8.326672684688674e-17,
1.5,0.6125,0.6125,1,6.938893903907228e-17,
1.5,0.6125,0.725,1,3.608224830031759e-16,
1.5,0.6125,0.8374999999999999,1,0.0,
1.5,0.6125,0.95,1,1.6653345369377348e-16,
1.5,0.725,0.05,1,0.0,
1.5,0.725,0.16249999999999998,1,1.7010907505015192e-16,
1.5,0.725,0.27499999999999997,1,1.3877787807814457e-17,
1.5,0.725,0.38749999999999996,1,1.1102230246251565e-16,
1.5,0.725,0.49999999999999994,1,2.7755575615628914e-17,
1.5,0.725,0.6125,1,0.0,
1.5,0.725,0.725,1,2.7755575615628914e-16,
1.5,0.725,0.8374999999999999,1,1.1102230246251565e-16,
1.5,0.725,0.95,1,4.002966042486721e-16,
1.5,0.8374999999999999,0.05,1,1.734723475976807e-18,
1.5,0.8374999999999999,0.16249999999999998,1,4.0418684730288697e-16,
1.5,0.8374999999999999,0.27499999999999997,1,4.163336342344337e-17,
1.5,0.8374999999999999,0.38749999999999996,1,1.1188630228279524e-16,
1.5,0.8374999999999999,0.49999999999999994,1,3.3422138886441676e-16,
1.5,0.8374999999999999,0.6125,1,1.7772239894833365e-16,
1.5,0.8374999999999999,0.725,1,8.568339948907339e-16,
1.5,0.8374999999999999,0.8374999999999999,1,1.1102230246251565e-16,
1.5,0.8374999999999999,0.95,1,7.216449660063518e-16,
1.5,0.95,0.05,1,2.220717083251841e-16,
1.5,0.95,0.16249999999999998,1,6.938893903907228e-18,
1.5,0.95,0.27499999999999997,1,0.0,
1.5,0.95,0.38749999999999996,1,8.326672684688674e-17,
1.5,0.95,0.49999999999999994,1,2.9504581591051765e-16,
1.5,0.95,0.6125,1,2.482534153247273e-16,
1.5,0.95,0.725,1,6.753223014464259e-16,
1.5,0.95,0.8374999999999999,1,2.2887833992611187e-16,
1.5,0.95,0.95,1,1.319485001705613e-15,
2.0,0.05,0.05,1,1.7825322118954783e-15,
2.0,0.05,0.16249999999999998,1,9.073155192387486e-16,
2.0,0.05,0.27499999999999997,1,2.3969961810365873e-15,
2.0,0.05,0.38749999999999996,1,5.652670378693003e-16,
2.0,0.05,0.49999999999999994,1,3.6455617293480535e-15,
2.0,0.05,0.6125,1,3.0261533821944433e-15,
2.0,0.05,0.725,1,9.134189098362336e-16,
2.0,0.05,0.8374999999999999,1,2.3123811879994287e-15,
2.0,0.05,0.95,1,1.3881612346082422e-14,
2.0,0.16249999999999998,0.05,1,1.0300518644345442e-15,
2.0,0.16249999999999998,0.16249999999999998,1,3.35945672305943e-16,
2.0,0.16249999999999998,0.27499999999999997,1,1.9432000404524038e-16,
2.0,0.16249999999999998,0.38749999999999996,1,2.847483988694276e-16,
2.0,0.16249999999999998,0.49999999999999994,1,4.1777673608052093e-16,
2.0,0.16249999999999998,0.6125,1,4.3427720387342467e-16,
2.0,0.16249999999999998,0.725,1,2.360244132317689e-16,
2.0,0.16249999999999998,0.8374999999999999,1,5.618603040568989e-16,
2.0,0.16249999999999998,0.95,1,1.413696397141421e-15,
2.0,0.27499999999999997,0.05,1,1.945231533584563e-16,
2.0,0.27499999999999997,0.16249999999999998,1,2.772303046984639e-16,
2.0,0.27499999999999997,0.27499999999999997,1,4.85722573273506e-17,
2.0,0.27499999999999997,0.38749999999999996,1,1.9478403400799703e-16,
2.0,0.27499999999999997,0.49999999999999994,1,2.1000903724951387e-16,
2.0,0.27499999999999997,0.6125,1,8.206690572649954e-16,
2.0,0.27499999999999997,0.725,1,2.242025235105681e-16,
2.0,0.27499999999999997,0.8374999999999999,1,3.1157488066156603e-16,
2.0,0.27499999999999997,0.95,1,1.5700924586837752e-16,
2.0,0.38749999999999996,0.05,1,1.9559343748175595e-16,
2.0,0.38749999999999996,0.16249999999999998,1,3.122502256758253e-17,
2.0,0.38749999999999996,0.27499999999999997,1,1.8319205572553517e-16,
2.0,0.38749999999999996,0.38749999999999996,1,8.326672684688674e-17,
2.0,0.38749999999999996,0.49999999999999994,1,2.1138016631127878e-16,
2.0,0.38749999999999996,0.6125,1,2.7755575615628914e-17,
2.0,0.38749999999999996,0.725,1,1.6653345369377348e-16,
2.0,0.38749999999999996,0.8374999999999999,1,4.034117999026819e-16,
2.0,0.38749999999999996,0.95,1,0.0,
2.0,0.49999999999999994,0.05,1,1.9081958235744878e-17,
2.0,0.49999999999999994,0.16249999999999998,1,3.3306690738754696e-16,
2.0,0.49999999999999994,0.27499999999999997,1,1.6782945342419286e-16,
2.0,0.49999999999999994,0.38749999999999996,1,5.149762648337517e-16,
2.0,0.49999999999999994,0.49999999999999994,1,1.716587549445839e-16,
2.0,0.49999999999999994,0.6125,1,2.7755575615628914e-17,
2.0,0.49999999999999994,0.725,1,1.1102230246251565e-16,
2.0,0.49999999999999994,0.8374999999999999,1,2.0206364052201326e-16,
2.0,0.49999999999999994,0.95,1,8.68471251378335e-16,
2.0,0.6125,0.05,1,9.020562075079397e-17,
2.0,0.6125,0.16249999999999998,1,0.0,
2.0,0.6125,0.27499999999999997,1,5.551115123125783e-17,
2.0,0.6125,0.38749999999999996,1,4.163336342344337e-17,
2.0,0.6125,0.49999999999999994,1,1.1443916996305594e-16,
2.0,0.6125,0.6125,1,0.0,
2.0,0.6125,0.725,1,2.1677797545656835e-16,
2.0,0.6125,0.8374999999999999,1,5.551115123125783e-17,
2.0,0.6125,0.95,1,5.551115123125783e-17,
2.0,0.725,0.05,1,0.0,
2.0,0.725,0.16249999999999998,1,0.0,
2.0,0.725,0.27499999999999997,1,1.3877787807814457e-17,
2.0,0.725,0.38749999999999996,1,2.7755575615628914e-17,
2.0,0.725,0.49999999999999994,1,2.7755575615628914e-17,
2.0,0.725,0.6125,1,0.0,
2.0,0.725,0.725,1,5.551115123125783e-17,
2.0,0.725,0.8374999999999999,1,5.551115123125783e-17,
2.0,0.725,0.95,1,3.236828524569469e-16,
2.0,0.8374999999999999,0.05,1,5.204170427930421e-18,
2.0,0.8374999999999999,0.16249999999999998,1,2.0816681711721685e-17,
2.0,0.8374999999999999,0.27499999999999997,1,2.7755575615628914e-17,
2.0,0.8374999999999999,0.38749999999999996,1,1.3877787807814457e-17,
2.0,0.8374999999999999,0.49999999999999994,1,5.551115123125783e-17,
2.0,0.8374999999999999,0.6125,1,2.2887833992611187e-16,
2.0,0.8374999999999999,0.725,1,3.7238012298709097e-16,
2.0,0.8374999999999999,0.8374999999999999,1,3.510833468576701e-16,
2.0,0.8374999999999999,0.95,1,2.7755575615628914e-16,
2.0,0.95,0.05,1,3.469446951953614e-18,
2.0,0.95,0.16249999999999998,1,1.8041124150158794e-16,
2.0,0.95,0.27499999999999997,1,0.0,
2.0,0.95,0.38749999999999996,1,0.0,
2.0,0.95,0.49999999999999994,1,8.326672684688674e-17,
2.0,0.95,0.6125,1,0.0,
2.0,0.95,0.725,1,2.7755575615628914e-16,
2.0,0.95,0.8374999999999999,1,0.0,
2.0,0.95,0.95,1,2.7755575615628914e-16,
3.0,0.05,0.05,1,2.1580071598642937e-15,
3.0,0.05,0.16249999999999998,1,1.1657854032834864e-14,
3.0,0.05,0.27499999999999997,1,4.538048549310336e-15,
3.0,0.05,0.38749999999999996,1,2.1716105192085774e-15,
3.0,0.05,0.49999999999999994,1,3.70090477732263e-15,
3.0,0.05,0.6125,1,6.145351627176113e-15,
3.0,0.05,0.725,1,3.330184761693205e-15,
3.0,0.05,0.8374999999999999,1,1.0736433289165816e-14,
3.0,0.05,0.95,1,1.8082709585625293e-15,
3.0,0.16249999999999998,0.05,1,6.152676815401961e-16,
3.0,0.16249999999999998,0.16249999999999998,1,9.994175390735497e-16,
3.0,0.16249999999999998,0.27499999999999997,1,4.163336342344337e-17,
3.0,0.16249999999999998,0.38749999999999996,1,2.1000903724951387e-16,
3.0,0.16249999999999998,0.49999999999999994,1,1.2525424275040914e-15,
3.0,0.16249999999999998,0.6125,1,4.388541835720876e-16,
3.0,0.16249999999999998,0.725,1,2.1564671209451396e-15,
3.0,0.16249999999999998,0.8374999999999999,1,6.563126306299138e-16,
3.0,0.16249999999999998,0.95,1,3.85282982226818e-15,
3.0,0.27499999999999997,0.05,1,3.6083916265107585e-16,
3.0,0.27499999999999997,0.16249999999999998,1,2.0122792321330962e-16,
3.0,0.27499999999999997,0.27499999999999997,1,3.888257972851056e-16,
3.0,0.27499999999999997,0.38749999999999996,1,3.947248820392849e-16,
3.0,0.27499999999999997,0.49999999999999994,1,3.502595287175881e-16,
3.0,0.27499999999999997,0.6125,1,2.1000903724951387e-16,
3.0,0.27499999999999997,0.725,1,4.594365265244385e-16,
3.0,0.27499999999999997,0.8374999999999999,1,4.423816968858297e-16,
3.0,0.27499999999999997,0.95,1,4.440892098500626e-16,
3.0,0.38749999999999996,0.05,1,5.073732555596491e-16,
3.0,0.38749999999999996,0.16249999999999998,1,5.551115123125783e-17,
3.0,0.38749999999999996,0.27499999999999997,1,1.6711069443220838e-16,
3.0,0.38749999999999996,0.38749999999999996,1,1.6883057536160649e-16,
3.0,0.38749999999999996,0.49999999999999994,1,2.220446049250313e-16,
3.0,0.38749999999999996,0.6125,1,0.0,
3.0,0.38749999999999996,0.725,1,2.1138016631127878e-16,
3.0,0.38749999999999996,0.8374999999999999,1,6.269627593800408e-16,
3.0,0.38749999999999996,0.95,1,4.910462595695867e-16,
3.0,0.49999999999999994,0.05,1,1.5265566588595902e-16,
3.0,0.49999999999999994,0.16249999999999998,1,3.469446951953614e-17,
3.0,0.49999999999999994,0.27499999999999997,1,6.938893903907228e-17,
3.0,0.49999999999999994,0.38749999999999996,1,0.0,
3.0,0.49999999999999994,0.49999999999999994,1,1.1102230246251565e-16,
3.0,0.49999999999999994,0.6125,1,1.6653345369377348e-16,
3.0,0.49999999999999994,0.725,1,2.7755575615628914e-16,
3.0,0.49999999999999994,0.8374999999999999,1,3.775166431889533e-16,
3.0,0.49999999999999994,0.95,1,7.016524324105026e-16,
3.0,0.6125,0.05,1,0.0,
3.0,0.6125,0.16249999999999998,1,0.0,
3.0,0.6125,0.27499999999999997,1,1.2412670766236366e-16,
3.0,0.6125,0.38749999999999996,1,1.1102230246251565e-16,
3.0,0.6125,0.49999999999999994,1,5.551115123125783e-17,
3.0,0.6125,0.6125,1,2.220446049250313e-16,
3.0,0.6125,0.725,1,2.7755575615628914e-16,
3.0,0.6125,0.8374999999999999,1,4.2276033262255756e-16,
3.0,0.6125,0.95,1,0.0,
3.0,0.725,0.05,1,3.3306690738754696e-16,
3.0,0.725,0.16249999999999998,1,2.0816681711721685e-17,
3.0,0.725,0.27499999999999997,1,5.551115123125783e-17,
3.0,0.725,0.38749999999999996,1,1.3877787807814457e-16,
3.0,0.725,0.49999999999999994,1,1.3877787807814457e-16,
3.0,0.725,0.6125,1,4.041272810440265e-16,
3.0,0.725,0.725,1,3.3766115072321297e-16,
3.0,0.725,0.8374999999999999,1,1.5700924586837752e-16,
3.0,0.725,0.95,1,5.79553433516819e-16,
3.0,0.8374999999999999,0.05,1,6.938893903907228e-18,
3.0,0.8374999999999999,0.16249999999999998,1,0.0,
3.0,0.8374999999999999,0.27499999999999997,1,8.326672684688674e-17,
3.0,0.8374999999999999,0.38749999999999996,1,5.551115123125783e-17,
3.0,0.8374999999999999,0.49999999999999994,1,2.7755575615628914e-17,
3.0,0.8374999999999999,0.6125,1,5.551115123125783e-17,
3.0,0.8374999999999999,0.725,1,0.0,
3.0,0.8374999999999999,0.8374999999999999,1,2.482534153247273e-16,
3.0,0.8374999999999999,0.95,1,4.002966042486721e-16,
3.0,0.95,0.05,1,6.938893903907228e-18,
3.0,0.95,0.16249999999999998,1,0.0,
3.0,0.95,0.27499999999999997,1,5.551115123125783e-17,
3.0,0.95,0.38749999999999996,1,5.551115123125783e-17,
3.0,0.95,0.49999999999999994,1,2.220446049250313e-16,
3.0,0.95,0.6125,1,4.002966042486721e-16,
3.0,0.95,0.725,1,3.885780586188048e-16,
3.0,0.95,0.8374999999999999,1,4.440892098500626e-16,
3.0,0.95,0.95,1,1.355199909595506e-15,
5.0,0.05,0.05,1,7.965434831870424e-15,
5.0,0.05,0.16249999999999998,1,4.7257767905137455e-15,
5.0,0.05,0.27499999999999997,1,4.5174117861870115e-15,
5.0,0.05,0.38749999999999996,1,1.402745929469661e-14,
5.0,0.05,0.49999999999999994,1,1.4961776280954344e-14,
5.0,0.05,0.6125,1,2.0760876026474113e-14,
5.0,0.05,0.725,1,1.5920086518254333e-14,
5.0,0.05,0.8374999999999999,1,2.918205124410655e-14,
5.0,0.05,0.95,1,5.986797880172747e-14,
5.0,0.16249999999999998,0.05,1,5.968079074171626e-16,
5.0,0.16249999999999998,0.16249999999999998,1,2.3869492459475064e-15,
5.0,0.16249999999999998,0.27499999999999997,1,2.3870702716327156e-15,
5.0,0.16249999999999998,0.38749999999999996,1,8.125323285481904e-16,
5.0,0.16249999999999998,0.49999999999999994,1,6.766044248900874e-16,
5.0,0.16249999999999998,0.6125,1,2.74941357960564e-15,
5.0,0.16249999999999998,0.725,1,5.191572652552131e-15,
5.0,0.16249999999999998,0.8374999999999999,1,2.2833310519974145e-15,
5.0,0.16249999999999998,0.95,1,6.179465850164932e-15,
5.0,0.27499999999999997,0.05,1,1.110712163103964e-15,
5.0,0.27499999999999997,0.16249999999999998,1,2.7755575615628914e-17,
5.0,0.27499999999999997,0.27499999999999997,1,7.216449660063518e-16,
5.0,0.27499999999999997,0.38749999999999996,1,3.6506759942727966e-16,
5.0,0.27499999999999997,0.49999999999999994,1,3.818283603795215e-16,
5.0,0.27499999999999997,0.6125,1,8.163159687020606e-16,
5.0,0.27499999999999997,0.725,1,1.4390804248545648e-15,
5.0,0.27499999999999997,0.8374999999999999,1,1.6653345369377348e-16,
5.0,0.27499999999999997,0.95,1,4.052028869824358e-15,
5.0,0.38749999999999996,0.05,1,6.664589960562512e-16,
5.0,0.38749999999999996,0.16249999999999998,1,0.0,
5.0,0.38749999999999996,0.27499999999999997,1,2.0014830212433605e-16,
5.0,0.38749999999999996,0.38749999999999996,1,5.551115123125783e-17,
5.0,0.38749999999999996,0.49999999999999994,1,3.236828524569469e-16,
5.0,0.38749999999999996,0.6125,1,5.551115123125783e-17,
5.0,0.38749999999999996,0.725,1,5.266250202865052e-16,
5.0,0.38749999999999996,0.8374999999999999,1,1.092826225213563e-15,
5.0,0.38749999999999996,0.95,1,2.7755575615628914e-16,
5.0,0.49999999999999994,0.05,1,1.3877787807814457e-17,
5.0,0.49999999999999994,0.16249999999999998,1,9.930136612989092e-16,
5.0,0.49999999999999994,0.27499999999999997,1,1.6653345369377348e-16,
5.0,0.49999999999999994,0.38749999999999996,1,4.47545209131181e-16,
5.0,0.49999999999999994,0.49999999999999994,1,3.433175098891678e-16,
5.0,0.49999999999999994,0.6125,1,3.510833468576701e-16,
5.0,0.49999999999999994,0.725,1,1.7554167342883506e-16,
5.0,0.49999999999999994,0.8374999999999999,1,1.6653345369377348e-16,
5.0,0.49999999999999994,0.95,1,3.608224830031759e-16,
5.0,0.6125,0.05,1,5.552849575635886e-16,
5.0,0.6125,0.16249999999999998,1,0.0,
5.0,0.6125,0.27499999999999997,1,4.163336342344337e-17,
5.0,0.6125,0.38749999999999996,1,2.237726045655905e-16,
5.0,0.6125,0.49999999999999994,1,1.1102230246251565e-16,
5.0,0.6125,0.6125,1,2.9893669801409083e-16,
5.0,0.6125,0.725,1,3.7238012298709097e-16,
5.0,0.6125,0.8374999999999999,1,2.7755575615628914e-16,
5.0,0.6125,0.95,1,2.3592239273284576e-16,
5.0,0.725,0.05,1,3.469446951953614e-18,
5.0,0.725,0.16249999999999998,1,0.0,
5.0,0.725,0.27499999999999997,1,1.3877787807814457e-17,
5.0,0.725,0.38749999999999996,1,0.0,
5.0,0.725,0.49999999999999994,1,4.652682298944613e-16,
5.0,0.725,0.6125,1,1.5700924586837752e-16,
5.0,0.725,0.725,1,4.742874840267547e-16,
5.0,0.725,0.8374999999999999,1,0.0,
5.0,0.725,0.95,1,1.9984014443252818e-15,
5.0,0.8374999999999999,0.05,1,6.938893903907228e-18,
5.0,0.8374999999999999,0.16249999999999998,1,6.662783593823664e-16,
5.0,0.8374999999999999,0.27499999999999997,1,2.7755575615628914e-17,
5.0,0.8374999999999999,0.38749999999999996,1,2.7755575615628914e-17,
5.0,0.8374999999999999,0.49999999999999994,1,1.1102230246251565e-16,
5.0,0.8374999999999999,0.6125,1,4.002966042486721e-16,
5.0,0.8374999999999999,0.725,1,2.7755575615628914e-16,
5.0,0.8374999999999999,0.8374999999999999,1,6.280369834735101e-16,
5.0,0.8374999999999999,0.95,1,4.440892098500626e-16,
5.0,0.95,0.05,1,2.0816681711721685e-17,
5.0,0.95,0.16249999999999998,1,2.2591401799415137e-16,
5.0,0.95,0.27499999999999997,1,2.220446049250313e-16,
5.0,0.95,0.38749999999999996,1,0.0,
5.0,0.95,0.49999999999999994,1,6.753223014464259e-16,
5.0,0.95,0.6125,1,0.0,
5.0,0.95,0.725,1,0.0,
5.0,0.95,0.8374999999999999,1,6.753223014464259e-16,
5.0,0.95,0.95,1,2.220446049250313e-16,
8.0,0.05,0.05,1,4.919725495705227e-15,
8.0,0.05,0.16249999999999998,1,1.3698097261684647e-14,
8.0,0.05,0.27499999999999997,1,3.0459251508441837e-14,
8.0,0.05,0.38749999999999996,1,5.1654603767284995e-14,
8.0,0.05,0.49999999999999994,1,1.2120758595962072e-14,
8.0,0.05,0.6125,1,4.647416334248438e-14,
8.0,0.05,0.725,1,1.1545116639244086e-14,
8.0,0.05,0.8374999999999999,1,3.870804419620391e-14,
8.0,0.05,0.95,1,2.4687913624229184e-14,
8.0,0.16249999999999998,0.05,1,2.5258431625945756e-15,
8.0,0.16249999999999998,0.16249999999999998,1,3.722238004277361e-15,
8.0,0.16249999999999998,0.27499999999999997,1,1.1885780422238362e-15,
8.0,0.16249999999999998,0.38749999999999996,1,2.2151053517418446e-15,
8.0,0.16249999999999998,0.49999999999999994,1,2.0432421149849596e-15,
8.0,0.16249999999999998,0.6125,1,6.900596545878155e-15,
8.0,0.16249999999999998,0.725,1,1.934856783885701e-15,
8.0,0.16249999999999998,0.8374999999999999,1,1.6277138052487768e-14,
8.0,0.16249999999999998,0.95,1,2.7822109252321576e-15,
8.0,0.27499999999999997,0.05,1,0.0,
8.0,0.27499999999999997,0.16249999999999998,1,6.012462478564703e-16,
8.0,0.27499999999999997,0.27499999999999997,1,3.0622149346881274e-15,
8.0,0.27499999999999997,0.38749999999999996,1,1.8075252578203454e-15,
8.0,0.27499999999999997,0.49999999999999994,1,5.5987887774809516e-15,
8.0,0.27499999999999997,0.6125,1,2.5589376332604516e-16,
8.0,0.27499999999999997,0.725,1,4.9781812688362035e-15,
8.0,0.27499999999999997,0.8374999999999999,1,5.493686023069938e-15,
8.0,0.27499999999999997,0.95,1,3.2023728339893768e-15,
8.0,0.38749999999999996,0.05,1,9.99929281344829e-16,
8.0,0.38749999999999996,0.16249999999999998,1,2.3972849129904254e-15,
8.0,0.38749999999999996,0.27499999999999997,1,5.013320832966251e-16,
8.0,0.38749999999999996,0.38749999999999996,1,8.368202481890594e-16,
8.0,0.38749999999999996,0.49999999999999994,1,1.6883057536160649e-16,
8.0,0.38749999999999996,0.6125,1,1.942890293094024e-16,
8.0,0.38749999999999996,0.725,1,1.6653345369377348e-16,
8.0,0.38749999999999996,0.8374999999999999,1,1.971232166893511e-15,
8.0,0.38749999999999996,0.95,1,5.963832982316466e-15,
8.0,0.49999999999999994,0.05,1,1.6743451780617611e-16,
8.0,0.49999999999999994,0.16249999999999998,1,1.7554167342883506e-16,
8.0,0.49999999999999994,0.27499999999999997,1,2.897767167584095e-16,
8.0,0.49999999999999994,0.38749999999999996,1,3.002224531865041e-16,
8.0,0.49999999999999994,0.49999999999999994,1,2.010699415441723e-15,
8.0,0.49999999999999994,0.6125,1,1.319485001705613e-15,
8.0,0.49999999999999994,0.725,1,6.866350197783356e-16,
8.0,0.49999999999999994,0.8374999999999999,1,8.688869536365456e-16,
8.0,0.49999999999999994,0.95,1,7.468261590855957e-16,
8.0,0.6125,0.05,1,4.5102810375396984e-17,
8.0,0.6125,0.16249999999999998,1,4.163336342344337e-17,
8.0,0.6125,0.27499999999999997,1,1.5700924586837752e-16,
8.0,0.6125,0.38749999999999996,1,7.791361360319881e-16,
8.0,0.6125,0.49999999999999994,1,4.652682298944613e-16,
8.0,0.6125,0.6125,1,1.2412670766236366e-16,
8.0,0.6125,0.725,1,1.1102230246251565e-16,
8.0,0.6125,0.8374999999999999,1,1.6401643046719713e-15,
8.0,0.6125,0.95,1,2.498242727604723e-16,
8.0,0.725,0.05,1,9.994175390735497e-16,
8.0,0.725,0.16249999999999998,1,0.0,
8.0,0.725,0.27499999999999997,1,2.237726045655905e-16,
8.0,0.725,0.38749999999999996,1,4.449557262054371e-16,
8.0,0.725,0.49999999999999994,1,4.577566798522237e-16,
8.0,0.725,0.6125,1,4.710277376051325e-16,
8.0,0.725,0.725,1,0.0,
8.0,0.725,0.8374999999999999,1,2.4650951625709315e-15,
8.0,0.725,0.95,1,1.864588087382261e-15,
8.0,0.8374999999999999,0.05,1,2.227212004505268e-16,
8.0,0.8374999999999999,0.16249999999999998,1,9.71445146547012e-17,
8.0,0.8374999999999999,0.27499999999999997,1,1.3877787807814457e-16,
8.0,0.8374999999999999,0.38749999999999996,1,1.1102230246251565e-16,
8.0,0.8374999999999999,0.49999999999999994,1,5.23691153334427e-16,
8.0,0.8374999999999999,0.6125,1,6.955527313080394e-16,
8.0,0.8374999999999999,0.725,1,5.551115123125783e-16,
8.0,0.8374999999999999,0.8374999999999999,1,6.661338147750939e-16,
8.0,0.8374999999999999,0.95,1,1.5895974606912448e-15,
8.0,0.95,0.05,1,9.71445146547012e-17,
8.0,0.95,0.16249999999999998,1,1.3877787807814457e-17,
8.0,0.95,0.27499999999999997,1,0.0,
8.0,0.95,0.38749999999999996,1,4.440892098500626e-16,
8.0,0.95,0.49999999999999994,1,5.551115123125783e-17,
8.0,0.95,0.6125,1,4.996003610813204e-16,
8.0,0.95,0.725,1,4.965068306494546e-16,
8.0,0.95,0.8374999999999999,1,8.671119018262734e-16,
8.0,0.95,0.95,1,2.3914935841127266e-15,
