epsilon,dL_depsilon,dG_depsilon,dR_depsilon,jacobian_core_factor_K
0.0,0.0,0.0,0.4999998935906993,1.5864292078709339
0.0014306137339055794,-0.004230330867492035,-5.520718407560158e-11,0.5000002054819734,1.5864306033165942
0.0028612274678111588,-0.010575924531682655,-7.150921451677444e-10,0.5000006733182228,1.5864345228718577
0.004291841201716738,-0.016423015245793208,-2.7808714234456285e-09,0.500001461848536,1.586441058844027
0.0057224549356223176,-0.02218879268255587,-6.964637645130499e-09,0.5000025446621952,1.5864502008470716
0.007153068669527897,-0.02793673379485059,-1.3968843695061382e-08,0.500003952569735,1.5864619972195544
0.008583682403433476,-0.03356026789915108,-2.4496012116140364e-08,0.5000056789582442,1.5864763216782858
0.010014296137339056,-0.03931781256492309,-3.924942919207466e-08,0.5000076776108746,1.5864933702528605
0.011444909871244635,-0.04499469953373767,-5.893363378236059e-08,0.5000100145510906,1.586512973902976
0.012875523605150214,-0.05060907853976525,-8.425256785791912e-08,0.5000126809828614,1.5865351291839362
0.014306137339055794,-0.05622882903445856,-1.1591086581583696e-07,0.5000156680831991,1.586559926048234
0.015736751072961373,-0.06191216026367062,-1.5461373934902492e-07,0.5000189186135623,1.5865873953935037
0.017167364806866953,-0.06757834675056174,-2.010658909789527e-07,0.5000225096189254,1.5866174872393508
0.018597978540772532,-0.07317797395579335,-2.559728499848053e-07,0.5000264344775305,1.5866500750629704
0.02002859227467811,-0.07890935533562195,-3.2004023758764744e-07,0.5000305853344948,1.5866854878187322
0.02145920600858369,-0.08452516398744316,-3.939738248397959e-07,0.5000351404777365,1.5867233371903542
0.02288981974248927,-0.0901240678675999,-4.784799206545728e-07,0.5000400074430803,1.5867637551080924
0.02432043347639485,-0.0958148064847821,-5.742648457431481e-07,0.5000451201898367,1.5868069790383383
0.02575104721030043,-0.1015388895219002,-6.820356238974812e-07,0.500050494097845,1.5868528576976946
0.02718166094420601,-0.10711665421316154,-8.024992202854199e-07,0.5000563471060472,1.586901081752484
0.028612274678111588,-0.11266877114849048,-9.363632011142199e-07,0.5000625118987,1.5869518300537169
0.030042888412017167,-0.1184009947219098,-1.0843356598747252e-06,0.5000688211761235,1.5870056523349587
0.03147350214592275,-0.12404721871106014,-1.24712465915409e-06,0.5000755258564089,1.5870618622533355
0.032904115879828326,-0.12973254808924506,-1.4254390128731086e-06,0.5000824894337623,1.587120780856274
0.034334729613733905,-0.13538228181136108,-1.6199880004322446e-06,0.5000898153859753,1.5871822307458678
0.035765343347639485,-0.14094679375370386,-1.8314812938260032e-06,0.5000975631206711,1.587246059704548
0.037195957081545064,-0.14666855418800953,-2.0606290612693993e-06,0.5001053980195761,1.5873129475519006
0.038626570815450643,-0.152284964744795,-2.308141805954312e-06,0.5001137251257864,1.587382179991441
0.04005718454935622,-0.15788049013602043,-2.5747307932577804e-06,0.5001223551023684,1.5874539111884056
0.0414877982832618,-0.16361507618467924,-2.8611079674720072e-06,0.500131120602179,1.5875287629137762
0.04291841201716738,-0.1692199815014181,-3.167985350932964e-06,0.5001403804788898,1.5876057670584829
0.04434902575107296,-0.17486741908561745,-3.496075897472289e-06,0.5001498903096443,1.5876855497780222
0.04577963948497854,-0.18051511100797282,-3.84609334033119e-06,0.5001597117634271,1.5877679541619854
0.04721025321888412,-0.18612346644198152,-4.218751602391962e-06,0.5001699196368808,1.5878528417538713
0.0486408669527897,-0.1917693375971241,-4.614765630780956e-06,0.5001803663941227,1.5879404866153477
0.05007148068669528,-0.1974600093691761,-5.0348508553397364e-06,0.5001910499060773,1.5880309409596822
0.05150209442060086,-0.20314867035156267,-5.4797233855489195e-06,0.5002020361113745,1.5881239912736125
0.05293270815450644,-0.2087604766852688,-5.950100123760992e-06,0.5002134966764479,1.5882193596329817
0.05436332188841202,-0.2144455541902763,-6.446698731823941e-06,0.5002250970163801,1.5883176318531915
0.055793935622317596,-0.22006215713016922,-6.970237668471463e-06,0.5002371893655281,1.5884182792004764
0.057224549356223176,-0.22562481117951871,-7.521435841876808e-06,0.5002496746013585,1.5885212605438845
0.058655163090128755,-0.23135950667193583,-8.101013378315092e-06,0.500262127773598,1.5886277083500584
0.060085776824034334,-0.23701084356684837,-8.709691172025022e-06,0.5002750641063413,1.5887363640825853
0.061516390557939914,-0.24270256577171254,-9.348190637278017e-06,0.5002882148003711,1.5888478356357565
0.0629470042918455,-0.24835673278183532,-1.0017234266793587e-05,0.5003017715344268,1.588961754989149
0.06437761802575107,-0.2539677319582692,-1.0717545444826117e-05,0.5003157364655821,1.5890780711912844
0.06580823175965665,-0.2595410626745588,-1.1449848454858788e-05,0.5003301250045117,1.5891968452960006
0.06723884549356224,-0.2652711675411996,-1.2214868426766903e-05,0.500344410793854,1.5893190548899845
0.06866945922746781,-0.27101241766884054,-1.3013331611095861e-05,0.5003590076888975,1.5894439937541036
0.07010007296137338,-0.276543882669579,-1.3845965003768709e-05,0.5003744399854501,1.5895703580526166
0.07153068669527897,-0.28223760636747963,-1.4713496641988798e-05,0.5003897561800695,1.5897002833645189
0.07296130042918456,-0.2878967940158285,-1.5616655618562435e-05,0.5004054979973643,1.5898326668011962
0.07439191416309013,-0.29355012747924725,-1.6556172268906536e-05,0.5004215421237022,1.589967611710237
0.0758225278969957,-0.2992103591839019,-1.753277758743081e-05,0.500437906074634,1.5901052692212894
0.07725314163090129,-0.30486501098233226,-1.854720369878239e-05,0.5004545722510683,1.5902454901270604
0.07868375536480687,-0.3105664235307613,-1.9600184170748542e-05,0.5004714349040255,1.590388669528322
0.08011436909871245,-0.31614372735464885,-2.0692453407308983e-05,0.5004889718978273,1.5905336777752994
0.08154498283261802,-0.32180188727051423,-2.182474698072812e-05,0.5005065775094317,1.5906818527950748
0.0829755965665236,-0.3275437778656901,-2.2997801436890864e-05,0.5005242385027497,1.5908332239532204
0.08440621030042919,-0.3332060805728467,-2.4212355047249723e-05,0.5005424614576778,1.5909866942147437
0.08583682403433476,-0.3388261709086778,-2.5469146818943657e-05,0.5005611251637615,1.5911425039900557
0.08726743776824034,-0.34444834786863104,-2.6768916879367154e-05,0.5005801083444603,1.5913009875183701
0.08869805150214592,-0.35015011731781864,-2.8112407213621196e-05,0.5005991292663996,1.591462662058763
0.09012866523605151,-0.35589674112847075,-2.950036043439685e-05,0.5006183198573338,1.5916273138947057
0.09155927896995708,-0.3614406716444964,-3.09335206178219e-05,0.5006385192984347,1.5917931245798307
0.09298989270386265,-0.36710203557659665,-3.241263357093858e-05,0.5006586064781218,1.5919624317789025
0.09442050643776824,-0.3728520953123188,-3.39384458409922e-05,0.5006787221811554,1.592135095838268
0.09585112017167383,-0.37847736962729467,-3.5511705523948257e-05,0.5006995758282746,1.592309415413711
0.0972817339055794,-0.38412287358532826,-3.713316229441239e-05,0.5007206798069309,1.5924865553005803
0.09871234763948497,-0.38979044471179136,-3.8803567037448694e-05,0.5007420124714697,1.592666514356089
0.10014296137339056,-0.3954820295583025,-4.052367213382236e-05,0.5007635726322139,1.592849321910054
0.10157357510729614,-0.4011520471740169,-4.229423128887047e-05,0.500785524095857,1.5930345985935517
0.10300418884120172,-0.4068795317465247,-4.4115999709861694e-05,0.5008075592172769,1.5932229912168274
0.10443480257510729,-0.41245551285677784,-4.598973414684287e-05,0.5008305223455172,1.5934127956658521
0.10586541630901287,-0.4181071634165871,-4.7916193023937105e-05,0.5008534688844248,1.593605856855784
0.10729603004291846,-0.4238815176962616,-4.9896136150166944e-05,0.5008762703316098,1.5938026796745737
0.10872664377682403,-0.4294739262622083,-5.193032464919035e-05,0.500900106827295,1.5940005403869126
0.1101572575107296,-0.43518806967065127,-5.4019521490876854e-05,0.5009237501404228,1.5942021311671295
0.11158787124463519,-0.440906696547395,-5.616449122681894e-05,0.5009477019342313,1.5944064397158284
0.11301848497854078,-0.44654174141740355,-5.836599983881293e-05,0.5009723066601416,1.5946126272490069
0.11444909871244635,-0.45221948325779165,-6.0624815236925195e-05,0.5009970494130369,1.5948218794947149
0.11587971244635192,-0.45789849112494196,-6.294170696573063e-05,0.5010221006327458,1.5950338060287579
0.11731032618025751,-0.4635782815006692,-6.53174460458984e-05,0.5010474622390588,1.5952484034159098
0.1187409399141631,-0.4692587718166407,-6.775280525179608e-05,0.5010731347749081,1.5954656724511724
0.12017155364806867,-0.47494030066766885,-7.024855930427825e-05,0.5010991165727099,1.5956856175588379
0.12160216738197424,-0.48062290983894596,-7.280548452235428e-05,0.501125407624703,1.5959082408227994
0.12303278111587983,-0.4862661768782844,-7.542435907129811e-05,0.5011522002868555,1.5961331507784062
0.12446339484978541,-0.4920472774631319,-7.810596263997094e-05,0.5011786428291337,1.5963620851716207
0.125894008583691,-0.4976787404017343,-8.085107716896297e-05,0.5012061428615183,1.5965922218239135
0.12732462231759656,-0.5033038878221926,-8.36604863283194e-05,0.5012339422697168,1.5968249048043945
0.12875523605150213,-0.5090924220865839,-8.653497543305943e-05,0.5012613074996085,1.597062015972696
0.13018584978540773,-0.5147970988609405,-8.94753322816041e-05,0.5012893633269501,1.5973008747499546
0.1316164635193133,-0.5204308557306924,-9.248234565279359e-05,0.5013181084591442,1.597541690650432
0.13304707725321888,-0.5260620632984004,-9.555680693745398e-05,0.5013471622008564,1.5977851322290055
0.13447769098712448,-0.5318125491707942,-9.869950963093847e-05,0.5013759484128696,1.5980325766886156
0.13590830472103005,-0.5375057697651394,-0.00010191124867378962,0.5014053313050014,1.5982820595419271
0.13733891845493562,-0.5431996922321346,-0.00010519282152572987,0.5014350252457936,1.5985342328679155
0.1387695321888412,-0.5488952368900085,-0.00010854502726972946,0.5014650253509029,1.5987891084052837
0.14020014592274677,-0.5545919818073247,-0.00011196866716917911,0.5014953339780066,1.599046683292724
0.14163075965665237,-0.560289642556192,-0.00011546454497571557,0.5015259524073234,1.59930695561951
0.14306137339055794,-0.5659484912284986,-0.00011903346614827884,0.5015571006768726,1.5995694764930433
0.1444919871244635,-0.5717451626098977,-0.00012267623828605368,0.5015877936469015,1.5998362673293611
0.1459226008583691,-0.5774317369300429,-0.00012639367117445212,0.501619436863903,1.6001044941455174
0.14735321459227468,-0.5830334881789675,-0.0001301865769288604,0.5016518323736318,1.6003743589975206
0.14878382832618026,-0.5888534707474067,-0.00013405576984211896,0.5016833396738666,1.6006495691047298
0.15021444206008583,-0.5945016869720781,-0.00013800206626209458,0.5017161405664248,1.6009253992744696
0.1516450557939914,-0.60014816764622,-0.00014202628506725885,0.5017492477022101,1.6012038808250157
0.153075669527897,-0.6059143658654554,-0.000146129247405786,0.5017820005446129,1.601486572440464
0.15450628326180257,-0.6116229728487746,-0.00015031177639488163,0.5018153934012708,1.6017712312723307
0.15593689699570815,-0.6173329878262803,-0.00015457469766793632,0.5018490934380904,1.6020586110967368
0.15736751072961375,-0.6230441387246579,-0.00015891883942597385,0.501883102101912,1.6023487100988434
0.15879812446351932,-0.6287569022095542,-0.00016334503202800212,0.501917416615363,1.602641536347309
0.1602287381974249,-0.6344707238227028,-0.00016785410843644846,0.5019520402831882,1.6029370845416997
0.16165935193133046,-0.6401455881308453,-0.0001724469038330805,0.5019872231657323,1.6032348415885536
0.16308996566523604,-0.64590171661374,-0.00017712425583084928,0.5020222095370487,1.6035363658503845
0.16452057939914164,-0.6516611483790586,-0.00018188700457667974,0.5020575045096558,1.6038406660241507
0.1659511931330472,-0.6573397447380323,-0.0001867359932765903,0.5020936069441184,1.6041465757050843
0.16738180686695278,-0.6630606204830469,-0.0001916720668873292,0.502129765405718,1.6044557853128498
0.16881242060085838,-0.6687822450739078,-0.00019669607301168185,0.5021662349408886,1.6047677239500926
0.17024303433476395,-0.6745058006813609,-0.00020180886270159524,0.5022030080154392,1.6050824098920051
0.17167364806866953,-0.6801906248665254,-0.0002070112885547054,0.5022403544461932,1.605399288646235
0.1731042618025751,-0.6859566902319039,-0.00021230420612712692,0.5022774732770604,1.6057200133276595
0.17453487553648067,-0.6917258478423384,-0.00021768847412443793,0.5023149013314462,1.6060435265380528
0.17596548927038627,-0.6974140600535907,-0.00022316495359509517,0.5023531692978365,1.6063685943705728
0.17739610300429184,-0.7031450370758348,-0.0002287345080905431,0.5023914741051275,1.6066970168289811
0.17882671673819742,-0.7088366376407733,-0.00023439800432849996,0.5024303675920987,1.6070276094549358
0.18025733047210302,-0.7146099203054025,-0.00024015631159927025,0.5024690082893346,1.6073621116222987
0.1816879442060086,-0.7203465395468385,-0.0002460103018755088,0.5025082369788159,1.607698837000546
0.18311855793991416,-0.7261403767826922,-0.0002519608500876486,0.5025473498016395,1.6080390993530225
0.18454917167381973,-0.7318224882205855,-0.00025800883410707426,0.5025876040660382,1.608380492215538
0.1859797854077253,-0.7375006784822807,-0.00026415513470593864,0.5026281568562074,1.6087245061041506
0.1874103991416309,-0.7433027171260718,-0.00027040063536726435,0.5026681952388604,1.6090732098464682
0.18884101287553648,-0.749044316033379,-0.00027674622265603567,0.5027089451564147,1.6094236829934676
0.19027162660944205,-0.7548302399676333,-0.00028319278609281414,0.5027497129936399,1.6097776157828272
0.19170224034334765,-0.760594245415141,-0.0002897412180842632,0.5027909333424105,1.6101339255791736
0.19313285407725322,-0.7662439563262948,-0.0002963924139708712,0.5028333383601458,1.610491241181729
0.1945634678111588,-0.7719725124111608,-0.0003031472726259338,0.5028754474502767,1.6108525120431731
0.19599408154506437,-0.7778244755597397,-0.00031000669565692533,0.502916991099141,1.6112185471052307
0.19742469527896994,-0.7835364234803911,-0.0003169715875398719,0.5029598748274048,1.6115850649163213
0.19885530901287554,-0.789250357981014,-0.0003240428565187127,0.5030030742470629,1.6119543940631773
0.20028592274678111,-0.7950056265993605,-0.00033122141345873603,0.5030462706699438,1.6123271489229836
0.2017165364806867,-0.8008445369398903,-0.0003385081723168605,0.5030891451080861,1.612704037826243
0.2031471502145923,-0.8065640078888089,-0.000345904050869624,0.5031332629167585,1.6130817333643332
0.20457776394849786,-0.8122838584731041,-0.0003534099698455786,0.5031776818686147,1.61346218679765
0.20600837768240343,-0.8180872928090862,-0.00036102685301377644,0.5032217790321255,1.6138468281115064
0.207438991416309,-0.8238919212908846,-0.00036875562776558205,0.5032661705582683,1.6142342443327489
0.20886960515021458,-0.8296591285193433,-0.000376597224670239,0.5033111829313333,1.6146238113924503
0.21030021888412018,-0.8353863432130129,-0.00038455257773008537,0.5033568252637712,1.6150154649743969
0.21173083261802575,-0.8411562386699805,-0.00039262262421195743,0.5034024491548258,1.6154106423780952
0.21316144635193132,-0.846927634894042,-0.00040080830515055413,0.5034483786460445,1.6158086287965123
0.21459206008583692,-0.8527012276844219,-0.00040911056463862125,0.503494608013118,1.6162094388180606
0.2160226738197425,-0.8584364127121656,-0.0004175303504107741,0.5035414771700157,1.6166123722633838
0.21745328755364807,-0.8642526552970543,-0.0004260686137424676,0.503587981197767,1.6170195086487689
0.21888390128755364,-0.8700329328401487,-0.0004347263094676533,0.5036351224169099,1.6174288256097926
0.2203145150214592,-0.8758126882268699,-0.00044350439585108943,0.5036825592911714,1.6178408915717146
0.2217451287553648,-0.8816363911909457,-0.00045240383470730353,0.5037299637869868,1.6182565734809937
0.22317574248927038,-0.8873805481098093,-0.00046142559212714095,0.5037783481278219,1.6186735949680722
0.22460635622317596,-0.8931667421559863,-0.0004705706370916383,0.503826698317744,1.619094194782741
0.22603696995708156,-0.8989146823549417,-0.00047983994240611265,0.5038757025548799,1.6195169062712726
0.22746758369098713,-0.9047447685946469,-0.0004892344850007492,0.5039243005234575,1.6199439241282043
0.2288981974248927,-0.9105379545181895,-0.0004987552452233358,0.5039735586294057,1.620373092992956
0.23032881115879827,-0.91629103633001,-0.0005084032073277998,0.5040234667330077,1.6208042963770322
0.23175942489270385,-0.9221279325989817,-0.0005181793595011647,0.5040729670295858,1.621239910667466
0.23319003862660945,-0.9279658001775881,-0.0005280846934737772,0.5041227635524937,1.6216783415274627
0.23462065236051502,-0.9337261745157918,-0.0005381202051817255,0.504173585028068,1.6221181333927448
0.2360512660944206,-0.939527416797461,-0.000548286894242369,0.5042243373504157,1.622561504149595
0.2374818798283262,-0.9453727466068501,-0.0005585857643454625,0.5042750293972846,1.6230085778245116
0.23891249356223176,-0.951137792372407,-0.0005690178231622297,0.5043267582765035,1.6234569022814973
0.24034310729613734,-0.956946126699009,-0.0005795840823755089,0.5043784158078444,1.6239089114398126
0.2417737210300429,-0.9627164980900733,-0.0005902855577843483,0.5044307494148981,1.6243630172004104
0.24320433476394848,-0.9685280582475646,-0.0006011232689934435,0.5044830128456868,1.62482076332566
0.24463494849785408,-0.9744232773219312,-0.0006120982399409566,0.5045348137642577,1.6252830100359357
0.24606556223175965,-0.9801999566653968,-0.0006232114988476707,0.5045880543390153,1.6257457361988668
0.24749617596566523,-0.9860174520325393,-0.0006344640775981383,0.5046412079510865,1.6262120996133185
0.24892678969957083,-0.9918792178441802,-0.0006458570128524008,0.5046942799080271,1.6266822322362715
0.2503574034334764,-0.9976213253283506,-0.0006573913454128348,0.5047488093722718,1.6271527703635185
0.251788017167382,-1.0034460130391114,-0.0006690681201470791,0.5048028632909456,1.6276278505323714
0.25321863090128754,-1.0093538788943126,-0.000680888386197576,0.5048564308379319,1.6281074963255209
0.2546492446351931,-1.0151833761465676,-0.0006928531971781555,0.5049110809973647,1.6285883770091516
0.2560798583690987,-1.0209741878957679,-0.0007049636112910283,0.5049664229800327,1.6290713038762492
0.25751047210300426,-1.026807966118306,-0.0007172206907735129,0.5050216677982614,1.6295580024060525
0.2589410858369099,-1.0326439944046337,-0.0007296255027959392,0.5050772097806284,1.6300476140505475
0.26037169957081546,-1.0384421665090455,-0.0007421791184413639,0.5051334556694377,1.630539302685434
0.26180231330472103,-1.0443218889066868,-0.0007548826134616516,0.5051891896798193,1.6310355797445504
0.2632329270386266,-1.0502055686778486,-0.0007677370686357067,0.5052452168250323,1.631534833856544
0.2646635407725322,-1.0560102048296653,-0.000780743568887848,0.5053023520113376,1.6320352465123382
0.26609415450643775,-1.0618572145311003,-0.000793903203758821,0.5053593814310086,1.632539465337237
0.2675247682403433,-1.06770669317027,-0.0008072170676373465,0.505416705297,1.6330466210705639
0.26895538197424895,-1.0735584866671044,-0.000820686259498211,0.505474325126772,1.6335567136284104
0.2703859957081545,-1.0794125042617264,-0.0008343118831742434,0.505532241730175,1.6340697442094463
0.2718166094420601,-1.085269165721437,-0.0008480950472082894,0.5055904506273702,1.634585725324627
0.27324722317596567,-1.0910884276860753,-0.0008620368648238968,0.5056493787354,1.635103780274075
0.27467783690987124,-1.0969886634948054,-0.0008761384541835491,0.5057077589647778,1.6356265231807166
0.2761084506437768,-1.1028929056964656,-0.0008904009384817019,0.5057664300566354,1.6361522750073134
0.2775390643776824,-1.1087189243340987,-0.0009048254457217685,0.5058262421223053,1.6366791479135376
0.27896967811158796,-1.1145870931429172,-0.0009194131086256265,0.505885929036573,1.6372098935034314
0.28040029184549353,-1.1204579531678442,-0.0009341650652948833,0.5059459070469424,1.6377436108790844
0.28183090557939916,-1.126291376429747,-0.0009490824586657056,0.5060066180394034,1.638279393571284
0.28326151931330473,-1.1322064514616168,-0.0009641664367692917,0.5060667455516086,1.6388199548963773
0.2846921330472103,-1.1380854826347826,-0.0009794181526899303,0.50612760864032,1.6393626290621888
0.2861227467811159,-1.1440261828671614,-0.0009948387647580566,0.5061880746622082,1.6399096091849623
0.28755336051502145,-1.1498898913252522,-0.0010104294364784122,0.5062497548382335,1.6404577707000132
0.288983974248927,-1.1556731275972756,-0.0010261913365224866,0.5063126175972333,1.6410069266108467
0.2904145879828326,-1.1615828706724531,-0.001042125638889372,0.5063744191710254,1.641562048685969
0.2918452017167382,-1.167473266784067,-0.0010582335226919546,0.5064367415244522,1.6421196240917195
0.2932758154506438,-1.173446476551756,-0.0010745161726321143,0.5064984474330736,1.6426821125718765
0.29470642918454937,-1.1794036798866143,-0.0010909747789027888,0.5065606448409862,1.643247144327771
0.29613704291845494,-1.1852015375270935,-0.0011076105366906344,0.5066249977648025,1.643811303633911
0.2975676566523605,-1.1910402725084455,-0.0011244246467536233,0.5066891882827513,1.6443793844008443
0.2989982703862661,-1.19700567487365,-0.0011414183156641675,0.5067522576665403,1.6449535247676106
0.30042888412017166,-1.2029117262891629,-0.0011585927553240903,0.5068163256787689,1.6455291560717595
0.30185949785407723,-1.208820540967429,-0.0011759491832444402,0.5068806819354356,1.6461078139870868
0.3032901115879828,-1.2147935230403568,-0.0011934888226369834,0.506944595842539,1.6466910018416894
0.30472072532188843,-1.220646922159572,-0.0012112129020197583,0.5070102601628912,1.6472742201209687
0.306151339055794,-1.2264617158047295,-0.0012291226558862492,0.50707668878083,1.6478594298461038
0.3075819527896996,-1.2324823683914454,-0.0012472193248404344,0.5071409954634036,1.6484527702343987
0.30901256652360515,-1.238444936918908,-0.0012655041547573913,0.507206320151873,1.6490476298451646
0.3104431802575107,-1.2443302953514837,-0.001283978397541413,0.5072728797254913,1.649643501172817
0.3118737939914163,-1.250257913052248,-0.0013026433106958027,0.5073392565566699,1.650243436672448
0.31330440772532187,-1.2561881770040246,-0.0013215001581991712,0.5074059217897553,1.6508464256759037
0.3147350214592275,-1.2621215364013807,-0.0013405502096936201,0.5074728700527356,1.6514524838291806
0.31616563519313307,-1.2680573849380297,-0.0013597947405831366,0.5075401084056812,1.6520615991615188
0.31759624892703864,-1.273996318078007,-0.0013792350327048325,0.5076076294576909,1.6526737909912426
0.3190268626609442,-1.2798984269165297,-0.0013988723737900198,0.5076759338874244,1.6532880373613434
0.3204574763948498,-1.2858426669377387,-0.001418708057778733,0.5077440283284593,1.6539063769417908
0.32188809012875536,-1.291869422524688,-0.001438743384704276,0.507811412083457,1.6545298830870134
0.32331870386266093,-1.2978197563128413,-0.0014589796611124538,0.5078800756955795,1.655154389932964
0.3247493175965665,-1.3037329924093368,-0.0014794181995576717,0.5079495213179399,1.6557809231870235
0.3261799313304721,-1.3096889776762628,-0.001500060318767894,0.5080187527035059,1.6564116183077695
0.3276105450643777,-1.3156080284716567,-0.0015209073440772957,0.5080887821268223,1.6570443610130794
0.3290411587982833,-1.3215694749777236,-0.0015419606071781062,0.5081585829816099,1.6576812552137283
0.33047177253218885,-1.3275742168900642,-0.0015632214462081026,0.508228154630067,1.6583223510682608
0.3319023862660944,-1.3335811903901718,-0.0015846912058577153,0.5082980039606606,1.658966520752902
0.333333,-1.3395125840576003,-0.0016063712372651794,0.5083691683384871,1.6596116965584184
0.33476361373390556,-1.345485275636678,-0.001628262898195617,0.5084400945571875,1.6602610104847764
0.33619422746781114,-1.3515020254286936,-0.0016503675529810965,0.5085107847530532,1.6609146001843995
0.33762484120171676,-1.357441693394877,-0.0016726865727326587,0.5085827959789827,1.661569103181831
0.33905545493562234,-1.3633849180761257,-0.0016952213354972628,0.5086550946655635,1.6622267751742945
0.3404860686695279,-1.3693703222832412,-0.0017179732256458343,0.5087271471287077,1.6628886622503216
0.3419166824034335,-1.3754377866211254,-0.0017409436346214951,0.508798425093145,1.6635558893916613
0.34334729613733905,-1.3813903025272722,-0.0017641339609782182,0.5088715704566569,1.6642229786081173
0.3447779098712446,-1.3873846494620898,-0.0017875456095376,0.5089444527473957,1.6648942811542533
0.3462085236051502,-1.39342253516795,-0.0018111799927853073,0.5090170872319979,1.6655699074606618
0.34763913733905577,-1.3994458243129537,-0.0018350385299514263,0.509090215280496,1.6662481621296663
0.34906975107296134,-1.405388351756062,-0.001859122647254558,0.5091647942436783,1.6669272412219818
0.35050036480686697,-1.4112929426123584,-0.0018834337783925424,0.5092401994884099,1.6676083052219937
0.35193097854077254,-1.41740510196162,-0.0019079733636042891,0.5093130754479973,1.6682984063105026
0.3533615922746781,-1.4234194233375785,-0.0019327428509282674,0.5093876337423465,1.668988798153066
0.3547922060085837,-1.4294354919519365,-0.0019577436955135453,0.5094624602992112,1.6696822984516388
0.35622281974248926,-1.4354953480051953,-0.0019829773595237683,0.5095370167191041,1.6703801926559367
0.35765343347639483,-1.441478747845015,-0.00200844531299805,0.5096129505093862,1.671078947372981
0.3590840472103004,-1.4475053918698702,-0.0020341490332409697,0.5096886027964586,1.671782081045941
0.36051466094420603,-1.4535349279489425,-0.0020600900047855588,0.5097645341858683,1.6724884101807664
0.3619452746781116,-1.4595675435203825,-0.0020862697199844214,0.5098407416672925,1.6731979445410923
0.3633758884120172,-1.4656039169377846,-0.0021126896787022485,0.5099172154115713,1.6739107087204328
0.36480650214592275,-1.47164311125541,-0.0021393513882124746,0.5099939685584375,1.6746266794753155
0.3662371158798283,-1.4776466745666539,-0.002166256363950463,0.5100715607395967,1.6753447256089524
0.3676677296137339,-1.4836928453898701,-0.002193406128625029,0.5101488505666492,1.6760671683105723
0.36909834334763947,-1.4898209950127559,-0.0022208022129892604,0.5102252704735944,1.6767952052523003
0.37052895708154504,-1.4958347156978633,-0.002248446155874654,0.5103036832584384,1.6775229422405973
0.3719595708154506,-1.5018511212169539,-0.0022763395034292567,0.5103823627409311,1.6782538872620278
0.37339018454935624,-1.507950176729405,-0.002304483810033377,0.5104601613358394,1.678990507587692
0.3748207982832618,-1.5140129541554745,-0.0023328806384607928,0.5105388070899759,1.6797291642500445
0.3762514120171674,-1.520079535433921,-0.0023615315590691023,0.5106177156477991,1.680471093448153
0.37768202575107296,-1.5261493478575423,-0.0023904381503983847,0.5106968951709023,1.6812162822302992
0.37911263948497853,-1.5322619189718318,-0.002419601999373102,0.5107757476432433,1.6819659437212706
0.3805432532188841,-1.5382997340065931,-0.002449024701219798,0.5108560543219949,1.6827164793028988
0.3819738669527897,-1.5443789527457386,-0.0024787078591257798,0.5109360354206073,1.6834714473617498
0.3834044806866953,-1.5505025854994503,-0.0025086530848788613,0.5110156840824551,1.6842310042509416
0.3848350944206009,-1.5565113982828789,-0.0025388619988376596,0.5110973884728814,1.6849901418152897
0.38626570815450645,-1.5626409400450512,-0.0025693362293462752,0.5111775631712331,1.6857562483714714
0.387696321888412,-1.568774953461647,-0.0026000774134788403,0.5112580013104482,1.6865257034733063
0.3891269356223176,-1.5747942436255549,-0.0026310871972712356,0.5113405149873256,1.6872947154952214
0.39055754935622317,-1.5809969564020558,-0.002662367235072945,0.5114204962308122,1.6880727260737103
0.39198816309012874,-1.587079566080597,-0.002693919189776987,0.5115026933905448,1.6888501592125207
0.3934187768240343,-1.5930463271848665,-0.0027257447333436623,0.5115869836699254,1.6896270610050121
0.3948493905579399,-1.5992212946129603,-0.0027578455464229096,0.5116683600855136,1.6904138885242341
0.3962800042918455,-1.6054157600949521,-0.0027902233187042376,0.5117497360436983,1.6912045437663512
0.3977106180257511,-1.611496466977839,-0.0028228797486324403,0.5118332286475997,1.6919947508850266
0.39914123175965666,-1.617618992900792,-0.002855816543761532,0.5119163561952156,1.6927895142008735
0.40057184549356223,-1.6237466483235752,-0.002889035420793157,0.5119997475475252,1.6935877116258393
0.4020024592274678,-1.62983776315349,-0.0029225381051935233,0.5120840177814299,1.6943879233316688
0.4034330729613734,-1.6360505204561209,-0.0029563263320088427,0.5121666641803377,1.6951953718953452
0.40486368669527895,-1.6421885929294324,-0.00299040184564406,0.512250827252783,1.6960036050414518
0.4062943004291846,-1.6482911969740413,-0.0030247663995035543,0.5123358725169187,1.6968139071801251
0.40772491416309015,-1.6544369421669456,-0.0030594217562656114,0.5124205424964364,1.6976289021173525
0.4091555278969957,-1.6605862278230032,-0.0030943696884003164,0.5125054711191248,1.69844727257202
0.4105861416309013,-1.666739624395904,-0.0031296119779324087,0.5125906486333351,1.6992690425527766
0.41201675536480686,-1.6728967917261997,-0.0031651504161356635,0.5126760802713333,1.7000942058926534
0.41344736909871244,-1.6790574379982208,-0.003200986804100264,0.5127617703334956,1.7009227577674721
0.414877982832618,-1.685222273953466,-0.003237122952638618,0.5128477067065681,1.7017547272531686
0.4163085965665236,-1.691352030591653,-0.0032735606824157216,0.5129345475808723,1.7025888008945496
0.41773921030042915,-1.697562858033603,-0.003310301823783384,0.5130203396021454,1.703428894152747
0.4191698240343348,-1.7037788609737285,-0.00334734821682718,0.5131063737252588,1.7042724709488442
0.42060043776824035,-1.7099201399090105,-0.0033847017119730456,0.5131939623923039,1.70511677057018
0.4220310515021459,-1.7161045369045207,-0.00342236416995018,0.5132811465075426,1.7059658586302133
0.4234616652360515,-1.7222538680396124,-0.0034603374606955056,0.5133692453118737,1.706817054811757
0.42489227896995707,-1.7284455757076893,-0.0034986234648661557,0.5134569320989025,1.707673015223643
0.42632289270386264,-1.7346809748309227,-0.003537224073627407,0.5135441952324288,1.708533811770073
0.4277535064377682,-1.7409201301165909,-0.0035761411879186244,0.5136316930537842,1.7093980376603042
0.42918412017167384,-1.7470857705420282,-0.003615376719537072,0.5137207807113405,1.710263042081271
0.4306147339055794,-1.7532933176134549,-0.003654932590345724,0.5138094384034646,1.7111328149274285
0.432045347639485,-1.7595450616245019,-0.0036948107329329628,0.5138976655735099,1.7120074993997865
0.43347596137339056,-1.7657223680365661,-0.0037350130905433364,0.5139874838975024,1.7128828824215538
0.43490657510729613,-1.7719039874193567,-0.0037755416168765007,0.5140775542969229,1.7137617812055779
0.4363371888412017,-1.7781283009368916,-0.0038163982765717377,0.5141671831655517,1.7146455334003223
0.4377678025751073,-1.7844349489313145,-0.0038575850450986438,0.5142556775608855,1.715535564831619
0.43919841630901285,-1.790629428807711,-0.0038991039086911945,0.5143464676892517,1.7164249604713846
0.4406290300429184,-1.7968656838085681,-0.003940956864623466,0.5144368092076148,1.7173191880331953
0.44205964377682405,-1.8031461870058576,-0.0039831459211703,0.5145266971626076,1.7182183988972348
0.4434902575107296,-1.8093526817499326,-0.00402567309770332,0.5146182010748437,1.719118298444742
0.4449208712446352,-1.815563259938446,-0.0040685404246925535,0.5147099573523254,1.7200217435948206
0.44635148497854077,-1.8218556709407554,-0.004111749944069929,0.5148005401863041,1.720931519860242
0.44778209871244634,-1.8281531380023155,-0.004155303709200009,0.5148913557794735,1.7218448845998706
0.4492127124463519,-1.8343765608227505,-0.004199203784370669,0.5149838062072134,1.7227589225253732
0.4506433261802575,-1.8406427680521682,-0.004243452245829323,0.515075796849305,1.7236779345237816
0.4520739399141631,-1.8469135029304793,-0.004288051181191297,0.5151680140338176,1.7246005157028859
0.4535045536480687,-1.8531891067799322,-0.004333002689634435,0.5152604511238396,1.7255266845057657
0.45493516738197426,-1.8594302002688907,-0.004378308882304048,0.5153538375436719,1.726455001716838
0.45636578111587983,-1.8657524185582106,-0.004423971881973743,0.5154460232851719,1.727389725100998
0.4577963948497854,-1.8720410540374663,-0.004469993823378136,0.5155391590146382,1.728326650225017
0.459227008583691,-1.8783332154756696,-0.004516376852905581,0.5156325082051787,1.7292670988891998
0.46065762231759655,-1.8846692254624267,-0.0045631231295523225,0.515725369190377,1.7302126478374524
0.4620882360515021,-1.890993611227157,-0.0046102348240839785,0.5158187278059867,1.7311611647093827
0.4635188497854077,-1.8972383524457264,-0.004657714119299523,0.5159139173304285,1.7321101680882995
0.4649494635193133,-1.9034474624382374,-0.004705563210695251,0.5160100695390994,1.7330612611728287
0.4663800772532189,-1.9098627025489552,-0.004753784305794686,0.5161026413624786,1.734023622791291
0.46781069098712447,-1.9161826445446544,-0.004802379624804697,0.51619733481065,1.7349858357220769
0.46924130472103004,-1.922467603627019,-0.004851351400318959,0.5162929776116566,1.7359501549623515
0.4706719184549356,-1.9288346495581727,-0.004900701877608289,0.51638737184802,1.736921098587543
0.4721025321888412,-1.9351673603522688,-0.0049504333146243714,0.5164827206578732,1.7378941917922999
0.47353314592274676,-1.9415049897635852,-0.005000547981995678,0.5165782786807489,1.738870954883889
0.4749637596566524,-1.9478853874518278,-0.005051048163358674,0.5166733070410192,1.7398528421837605
0.47639437339055796,-1.9541938094513975,-0.0051019361553977585,0.5167700467909033,1.7408354566343265
0.47782498712446353,-1.9605445364971015,-0.00515321426770991,0.5168662455174352,1.7418231819215881
0.4792556008583691,-1.966939252226105,-0.005204884822783782,0.5169619096773111,1.7428161462892564
0.4806862145922747,-1.97326119916613,-0.005256950156712164,0.5170592853400447,1.743809761603713
0.48211682832618025,-1.979626566943034,-0.005309412618723695,0.5171561168423886,1.744808598334386
0.4835474420600858,-1.9860573644452773,-0.005362274571565123,0.5172519472815844,1.745813503371963
0.4849780557939914,-1.9923712790479766,-0.005415538391261199,0.5173504128669478,1.7468173622943177
0.48640866952789696,-1.9986505607690084,-0.005469206467368909,0.5174498516489132,1.747823369525747
0.4878392832618026,-2.005095699741101,-0.005523281203439682,0.5175463022368075,1.7488394949331811
0.48926989699570816,-2.01156140177594,-0.005577765016585118,0.5176426278518963,1.7498599572699167
0.49070051072961374,-2.017955117008775,-0.005632660337594906,0.5177406949004354,1.7508810974237812
0.4921311244635193,-2.024276684319398,-0.005687969611474935,0.5178405124958098,1.751902911042306
0.4935617381974249,-2.0307179539028937,-0.005743695297035188,0.5179382031153902,1.7529330639783012
0.49499235193133045,-2.0371647394865073,-0.005799839867427696,0.5180360926539987,1.753967016004234
0.496422965665236,-2.0435009789198784,-0.0058564058100229735,0.5181365193934959,1.755000077169849
0.49785357939914165,-2.0499566214958964,-0.005913395625973747,0.5182347986191663,1.756041522842715
0.4992841931330472,-2.0564178796469403,-0.005970811831411716,0.5183332720290491,1.7570867900301363
0.5007148068669528,-2.062768834495427,-0.006028656957080297,0.518434299176991,1.7581311550772751
0.5021454206008583,-2.0692392818057983,-0.006086933547810944,0.5185331502416137,1.7591839655458847
0.503576034334764,-2.0757152747061034,-0.0061456441633062076,0.5186321940946714,1.7602406131413122
0.5050066480686696,-2.082119359610839,-0.006204791378083537,0.5187330086020545,1.7612978989097738
0.5064372618025751,-2.088528583696495,-0.006264377781720531,0.5188340238853576,1.7623590224015877
0.5078678755364807,-2.094980390169013,-0.006324405978769015,0.5189344342326309,1.7634255022580698
0.5092984892703862,-2.1015143103076594,-0.00638487858849397,0.519033413373225,1.764498985716651
0.5107291030042919,-2.1079768100602267,-0.006445798245455833,0.5191341848253995,1.7655731332077933
0.5121597167381974,-2.1143679951008636,-0.006507167600034598,0.5192367521499678,1.766647951736993
0.513590330472103,-2.1208784118681496,-0.006568989317377869,0.5193370767434675,1.7677313581057066
0.5150209442060085,-2.1273562704687063,-0.00663126607818243,0.5194384034431038,1.7688170715539984
0.5164515579399142,-2.1338385580185935,-0.006694000579311857,0.5195398943797777,1.769906578791672
0.5178821716738198,-2.140364746112493,-0.0067571955325179695,0.5196407552453669,1.7710016049052548
0.5193127854077253,-2.1468194660132585,-0.0068208536658676015,0.519743422002577,1.7720972625119618
0.5207433991416309,-2.1533765175693795,-0.0068849777233034705,0.5198441666737205,1.773200892590797
0.5221740128755364,-2.159821304778026,-0.006949570464480394,0.5199476451566692,1.774303470717039
0.5236046266094421,-2.1662702172015034,-0.007014634665501734,0.5200512974311066,1.7754098738346284
0.5250352403433476,-2.172901714005023,-0.007080173118696726,0.5201512729907412,1.7765277311854255
0.5264658540772532,-2.179324625943951,-0.007146188632319559,0.5202561019688903,1.7776404030588733
0.5278964678111588,-2.1857893060982523,-0.007212684031230394,0.5203602707479219,1.7787585204127734
0.5293270815450644,-2.1924537207629977,-0.00727966215724436,0.5204603555203653,1.7798889194036427
0.53075769527897,-2.1990468199237436,-0.007347125868212322,0.5205622680138225,1.781019920209931
0.5321883090128755,-2.2055489628149707,-0.007415078039078077,0.5206664756243247,1.7821507142486601
0.5336189227467811,-2.21197793214958,-0.007483521561820433,0.5207725952150637,1.7832820765310144
0.5350495364806866,-2.218528573554422,-0.0075524593449137496,0.5208762866050383,1.7844224320209097
0.5364801502145923,-2.225105475296873,-0.0076218943144537,0.5209796880326406,1.7855676754884857
0.5379107639484979,-2.231704298228062,-0.007691829413187568,0.5210828483845485,1.7867175692242263
0.5393413776824034,-2.2383094769466503,-0.007762267601733861,0.5211861561259239,1.7878714926886619
0.540771991416309,-2.244806201025123,-0.007833211857808277,0.5212921779701264,1.789024405466106
0.5422026051502146,-2.2514214539049293,-0.007904665176484572,0.521395785644773,1.7901862583397996
0.5436332188841202,-2.2580052391227783,-0.00797663057126463,0.5215004032886549,1.7913505077580396
0.5450638326180257,-2.2645934044418397,-0.008049111072623684,0.5216051641070029,1.7925186734402703
0.5464944463519313,-2.2712258296876495,-0.00812210972922754,0.5217092077961746,1.7936925876737018
0.5479250600858369,-2.277787660063292,-0.008195629607775689,0.5218151254856725,1.7948671265597997
0.5493556738197425,-2.2843929504767386,-0.008269673793154747,0.5219203219764103,1.7960473845532783
0.5507862875536481,-2.2909662393047663,-0.00834424538838553,0.5220265338223998,1.7972300113512718
0.5522169012875536,-2.297582549087736,-0.008419347514807617,0.5221320113863374,1.798418340777567
0.5536475150214593,-2.3042424237907237,-0.008494983312513851,0.5222367519982115,1.7996124231088986
0.5550781287553648,-2.310907568600621,-0.008571155939944012,0.5223416202852096,1.8008105211202416
0.5565087424892704,-2.317540880986291,-0.00864786857441748,0.5224475048918432,1.8020110016182367
0.5579393562231759,-2.3241420363780376,-0.008725124411956374,0.5225544006512497,1.8032138370209225
0.5593699699570815,-2.33074944553414,-0.008802926667440055,0.5226614288128277,1.8044207954176281
0.5608005836909871,-2.337437118070379,-0.008881278575414871,0.5227668109058164,1.8056351973552975
0.5622311974248927,-2.3440933683980667,-0.008960183389144663,0.5228732202668795,1.8068520282768898
0.5636618111587983,-2.350717237075503,-0.009039644381294483,0.5229806366733845,1.8080711948303467
0.5650924248927038,-2.35745987010284,-0.009119664844238547,0.5230854910383332,1.809299633249937
0.5665230386266095,-2.3641331666207797,-0.009200248089757121,0.5231922592564457,1.8105287430407462
0.567953652360515,-2.3707746566849623,-0.009281397449317295,0.5233000400181964,1.811760240216886
0.5693842660944206,-2.3774595463491934,-0.009363116274333774,0.5234070414746522,1.812997604062307
0.5708148798283261,-2.384150030977599,-0.009445407936432747,0.523514163061249,1.8142390917291145
0.5722454935622318,-2.390846670650782,-0.009528275826980223,0.5236213895874317,1.8154847355233799
0.5736761072961374,-2.3975118260429444,-0.009611723357662699,0.523729641265616,1.816732809693901
0.5751067210300429,-2.4042570098503058,-0.009695753960626118,0.5238361807038806,1.817988464687232
0.5765373347639485,-2.4109716051925294,-0.009780371088897323,0.5239437401717779,1.8192466117636175
0.577967948497854,-2.4176913747940407,-0.00986557821550997,0.5240513916938306,1.8205088587065088
0.5793985622317597,-2.424417912459791,-0.009951378834285013,0.5241591554666788,1.8217753605747242
0.5808291759656652,-2.4311493220081775,-0.010037776460526126,0.5242670155052453,1.823045961150289
0.5822597896995708,-2.4379250866773345,-0.01012477463048955,0.5243740465667153,1.8243225850431761
0.5836904034334764,-2.4445942560327754,-0.01021237690115659,0.5244839597149884,1.8255981006696715
0.585121017167382,-2.4514328640130274,-0.010300586851032186,0.5245898802444763,1.8268855163066868
0.5865516309012876,-2.4581750778209708,-0.01038940808014896,0.5246984850251931,1.8281723432087802
0.5879822446351931,-2.4648472304012485,-0.01047884421008408,0.5248090501452338,1.8294597461260227
0.5894128583690987,-2.471667486850166,-0.010568898884576227,0.524916163240399,1.8307581684883885
0.5908434721030043,-2.4784046469217484,-0.010659575768534615,0.5250256051832043,1.8320565762893632
0.5922740858369099,-2.4852217764904245,-0.010750878549186153,0.5251332468543446,1.833362739205878
0.5937046995708154,-2.4920458086872346,-0.010842810936063853,0.525240963203848,1.834673208341235
0.595135313304721,-2.4988013140818675,-0.01093537666086347,0.525350641058395,1.8359843380498388
0.5965659270386267,-2.5056000080768692,-0.0110285794778366,0.5254594578016273,1.837301528272947
0.5979965407725322,-2.512404624941556,-0.011122423163671104,0.5255683540887128,1.8386229825509615
0.5994271545064378,-2.519215985464888,-0.011216911517859043,0.5256773069665739,1.8399487471127431
0.6008577682403433,-2.526033457153291,-0.011312048362894718,0.5257863308025809,1.8412787980567427
0.6022883819742489,-2.5328569519749826,-0.011407837544251651,0.5258954258002911,1.8426131375658783
0.6037189957081545,-2.5396869742093253,-0.011504282930289949,0.5260045770333689,1.8439517968574162
0.6051496094420601,-2.5464862054061266,-0.011601388413155623,0.5261147606657107,1.8452929748983566
0.6065802231759656,-2.553328401661537,-0.011699157908377271,0.526224039352592,1.8466402586429405
0.6080108369098712,-2.560251205358758,-0.011797595354627186,0.5263314298204347,1.8479955047652386
0.6094414506437769,-2.567106610508026,-0.011896704715035547,0.5264408062323019,1.8493514657927812
0.6108720643776824,-2.5739309049086048,-0.011996489976588682,0.5265512117053996,1.8507099216455907
0.612302678111588,-2.5807987186828094,-0.0120969551496045,0.5266606930125578,1.8520745712625772
0.6137332918454935,-2.5876731299451357,-0.012198104269309088,0.5267702141658916,1.8534435904305446
0.6151639055793992,-2.59455374131838,-0.012299941395592843,0.5268797834973802,1.854816966013548
0.6165945193133047,-2.6014038659677143,-0.012402470612365532,0.5269903843763625,1.8561928959904859
0.6180251330472103,-2.608334218192264,-0.012505696027997669,0.5270990357952083,1.8575768571728122
0.6194557467811159,-2.6152714398748453,-0.012609621776254585,0.5272077255774258,1.858965242524091
0.6208863605150214,-2.6221408393326717,-0.012714252016183508,0.5273184285508403,1.8603542954294132
0.6223169742489271,-2.629017298911691,-0.012819590931339431,0.5274291624584849,1.8617478033471446
0.6237475879828326,-2.6360183660890115,-0.012925642730645047,0.5275367032333761,1.8631516118030151
0.6251782017167382,-2.6429000441242034,-0.01303241164904413,0.5276477252497142,1.8645535592627631
0.6266088154506437,-2.649831189374234,-0.013139901946993889,0.5277575411872388,1.8659620261166678
0.6280394291845494,-2.6568084164093646,-0.013248117910444245,0.5278663584075594,1.8673769926152874
0.629470042918455,-2.6636358814910235,-0.013357063851726197,0.5279794347245802,1.8687884536524204
0.6309006566523605,-2.670669576481488,-0.013466744109060368,0.5280870546239571,1.8702144965374703
0.6323312703862661,-2.6776656559890792,-0.013577163047040205,0.5281959061876351,1.8716427487288294
0.6337618841201716,-2.6845579351829167,-0.01368832505712174,0.5283078069868501,1.8730698353198152
0.6351924978540773,-2.691566735503752,-0.013800234556773752,0.5284166603632803,1.874506989317515
0.6366231115879828,-2.69862525241209,-0.013912895990776346,0.5285243229646989,1.8759508224316648
0.6380537253218884,-2.7055321017633185,-0.014026313830617072,0.5286363985523045,1.877391031621105
0.6394843390557939,-2.7124453518365548,-0.014140492575180944,0.5287484774553142,1.8788357248930079
0.6409149527896996,-2.719523602056502,-0.014255436750860504,0.5288561125615064,1.8802930617384837
0.6423455665236052,-2.7266075767959133,-0.01437115091092965,0.5289637595453717,1.8817548410091822
0.6437761802575107,-2.733542798208696,-0.014487639636676887,0.5290757796431291,1.8832131043497087
0.6452067939914163,-2.7405210071328767,-0.014604907537637407,0.5291867495141579,1.8846777597012612
0.6466374077253219,-2.7475886887975673,-0.014722959250770936,0.5292953701392626,1.886151252925395
0.6480680214592275,-2.7546220930657905,-0.014841799441479932,0.529405125750917,1.8876271336155996
0.649498635193133,-2.761662149420674,-0.014961432803801997,0.5295148587433515,1.8891075486021691
0.6509292489270386,-2.7687482459753756,-0.015081864059835064,0.5296234291298735,1.8905945465058267
0.6523598626609441,-2.775720642037706,-0.01520309796076536,0.5297354545210348,1.8920798320674317
0.6537904763948498,-2.7828228455593003,-0.015325139286663405,0.5298438579483198,1.8935760734236633
0.6552210901287554,-2.789935044061672,-0.01544799284657175,0.529952182781657,1.895077106767293
0.6566517038626609,-2.79689149942307,-0.015571663478877456,0.53006514053788,1.8965741253962878
0.6580823175965665,-2.8040478789484182,-0.01569615605160018,0.5301724533952038,1.8980859171539517
0.6595129313304721,-2.8111371402124807,-0.015821475462207628,0.5302818879542196,1.8995984040381373
0.6609435450643777,-2.818195948109916,-0.015947626637929663,0.5303923380038942,1.9011134856742835
0.6623741587982832,-2.8253709832633103,-0.016074614536161897,0.5304995343600633,1.902638974420639
0.6638047725321888,-2.832480708556967,-0.016202444144510608,0.5306087937318488,1.9041652310927613
0.6652353862660945,-2.839560861026626,-0.016331120480885697,0.5307190594250356,1.9056941548398474
0.666666,-2.8466844631006234,-0.016460648593752594,0.5308281877388203,1.9072296615728468
0.6680966137339056,-2.8538153135274644,-0.016591033562654234,0.5309372375395646,1.9087698145853569
0.6695272274678111,-2.8609532457245814,-0.016722280497739016,0.5310462105691945,1.9103146109887852
0.6709578412017168,-2.8680982977997886,-0.01685439454008794,0.531155102467665,1.9118640588313742
0.6723884549356223,-2.875250542522226,-0.016987380862702486,0.5312639078220521,1.9134181680290803
0.6738190686695279,-2.882373952023247,-0.017121244669935587,0.5313737136972049,1.9149750160588719
0.6752496824034335,-2.889576204761967,-0.01725599119759247,0.5314812529294168,1.9165403850579597
0.676680296137339,-2.896822103349453,-0.01739162571346326,0.5315876010551209,1.9181124060674772
0.6781109098712447,-2.903895279812411,-0.01752815351781909,0.53169930667155,1.9196793773288783
0.6795415236051502,-2.91108283257022,-0.017665579942984684,0.5318076312669868,1.9212568370749206
0.6809721373390558,-2.9183504863009766,-0.0178039103536794,0.5319136595481199,1.9228429910128249
0.6824027510729613,-2.925481210401189,-0.017943150147471575,0.5320239644789934,1.9244259762808922
0.683833364806867,-2.932726688696008,-0.01808330475469691,0.5321308522708086,1.9260195343042004
0.6852639785407725,-2.940015734675557,-0.018224379638866105,0.5322365110466911,1.9276197973089695
0.6866945922746781,-2.9471685657709235,-0.01836638029710988,0.5323464691038797,1.929216922282806
0.6881252060085837,-2.954364204424613,-0.01850931225966674,0.5324551959235653,1.930820726804582
0.6895558197424893,-2.9616392053112985,-0.01865318109044128,0.532561573642916,1.932433250297578
0.6909864334763949,-2.968921225485965,-0.018797992387629175,0.532667806984014,1.9340504764054822
0.6924170472103004,-2.976175136075062,-0.018943751783316885,0.5327750133216694,1.9356705027108103
0.693847660944206,-2.983400391432181,-0.019090464943719045,0.5328831942034293,1.937293287633996
0.6952782746781115,-2.99066891444526,-0.019238137569792466,0.5329901095184371,1.93892283671886
0.6967088884120172,-2.997918442624365,-0.019386775397498054,0.5330977086397546,1.9405557000104459
0.6981395021459227,-3.005139392295155,-0.019536384197446514,0.5332062960737923,1.9421913548591039
0.6995701158798283,-3.0125552224806857,-0.019686969775207976,0.5333087565812278,1.9438421935642194
0.7010007296137339,-3.0198813383487737,-0.019838537972030588,0.5334141709117521,1.945492432553953
0.7024313433476395,-3.027123516924967,-0.01999109466466822,0.5335222697748049,1.9471422973148487
0.7038619570815451,-3.0344724491702006,-0.02014464576572332,0.5336270643022143,1.9488025712689856
0.7052925708154506,-3.041721727117247,-0.020299197223659783,0.5337351014263217,1.9504616332686167
0.7067231845493562,-3.049049830882435,-0.020454755023133587,0.5338406655254149,1.9521295236374865
0.7081537982832617,-3.05642094815448,-0.020611325185419135,0.5339449051123037,1.953804238740068
0.7095844120171674,-3.063728780822306,-0.02076891376839265,0.5340512377519737,1.9554797832603281
0.711015025751073,-3.071114882956123,-0.020927526866532722,0.5341550644644047,1.9571641366387893
0.7124456394849785,-3.0785087519571768,-0.02108717061176264,0.5342586963514857,1.9588533513590904
0.7138762532188841,-3.085838979559532,-0.021247851173179656,0.5343644234800484,1.960543350134106
0.7153068669527897,-3.0932124179932012,-0.021409574757113303,0.534468782999719,1.9622402332062865
0.7167374806866953,-3.1005934180349186,-0.021572347608162727,0.5345729261968609,1.9639419676218206
0.7181680944206008,-3.1079820094472863,-0.02173617600834882,0.5346768474685041,1.9656485596649669
0.7195987081545064,-3.1153783471358745,-0.021901066278083362,0.5347805373723217,1.967360023086675
0.7210293218884121,-3.1227821283285224,-0.022067024776527253,0.5348840012580846,1.9690763451428195
0.7224599356223176,-3.130193636784115,-0.022234057900944515,0.5349872252176314,1.9707975467836172
0.7238905493562232,-3.1376127971864474,-0.022402172087569644,0.5350902071044059,1.9725236282453293
0.7253211630901287,-3.1450044849859515,-0.0225713738120093,0.5351941227256506,1.9742525866394725
0.7267517768240344,-3.1525090044892656,-0.02274166958870825,0.5352942432673596,1.9759924611431925
0.7281823905579399,-3.159986963895365,-0.022913065971900015,0.535395278102803,1.977735274151693
0.7296130042918455,-3.167331173857963,-0.023085569555787364,0.5355007922966054,1.9794747979628802
0.731043618025751,-3.1747884774250035,-0.023259186973998532,0.5356024950689593,1.981225348118817
0.7324742317596566,-3.1822891475668356,-0.023433924900872954,0.5357027267036132,1.982982882347316
0.7339048454935623,-3.189762027750739,-0.023609790050968884,0.5358038755711162,1.9847432547921249
0.7353354592274678,-3.197278057062087,-0.023786789179485648,0.5359035263717434,1.986510594322817
0.7367660729613734,-3.204731821502892,-0.023964929082695572,0.5360052944637027,1.9882787956029644
0.7381966866952789,-3.212227667102258,-0.024144216597695757,0.5361055683953839,1.9900539039171932
0.7396273004291846,-3.21973210076874,-0.024324658603130864,0.5362055489608714,1.9918340317596004
0.7410579141630901,-3.2272086641745092,-0.024506262019367498,0.5363064258535599,1.9936169829699177
0.7424885278969957,-3.2347636552628565,-0.02468903380861153,0.53640457069707,1.995409040390799
0.7439191416309012,-3.242290836155446,-0.02487298097481151,0.5365036218944336,1.9972039377908908
0.7453497553648069,-3.2497914613400702,-0.025058110564427093,0.536603553208408,1.9990017751351676
0.7467803690987125,-3.257334394591108,-0.025244429666311245,0.5367019478631423,2.0008065946710123
0.748210982832618,-3.2649549606893613,-0.025431945412456993,0.5367975690939771,2.00262048870071
0.7496415965665236,-3.2725141130889113,-0.025620664977550674,0.5368952739178621,2.004435241313396
0.7510722103004291,-3.280010995501551,-0.025810595579590014,0.5369950973340462,2.006250812009248
0.7525028240343348,-3.2876198799169876,-0.026001744480157483,0.5370908931185457,2.0080775276829272
0.7539334377682403,-3.2952373452944768,-0.026194118984267222,0.5371863217293499,2.0099092721655714
0.7553640515021459,-3.3028271387151817,-0.026387726441266104,0.5372826187220524,2.0117438449871226
0.7567946652360515,-3.310390613732553,-0.02658257424460473,0.5373797881772066,2.013581391242794
0.7582252789699571,-3.3179272329241583,-0.026778669832038672,0.5374778140225132,2.0154218476184056
0.7596558927038627,-3.3255756295938657,-0.02697602068627767,0.5375717557063798,2.017273519008674
0.7610865064377682,-3.3332665871507987,-0.027174634334620647,0.5376640557099729,2.0191322373151017
0.7625171201716738,-3.340861873920007,-0.02737451834965782,0.5377596916942531,2.0209897391069815
0.7639477339055794,-3.348464287038651,-0.027575680349600888,0.5378549399168209,2.022852178160099
0.765378347639485,-3.356213150974557,-0.02777812799828374,0.5379447719648381,2.024727948338668
0.7668089613733906,-3.3638670052461164,-0.02798186900518553,0.538037928183228,2.0266025132585006
0.7682395751072961,-3.3713900474715524,-0.028186911126153427,0.5381357124331952,2.028473719407734
0.7696701888412018,-3.3790589600300773,-0.028393262163422715,0.5382280455055752,2.0303582892215752
0.7711008025751073,-3.3868395293053775,-0.02860092996564036,0.5383161599107029,2.0322541495748974
0.7725314163090129,-3.39449012439259,-0.028809922428685384,0.5384088902741312,2.0341466475700236
0.7739620300429184,-3.402148322919898,-0.029020247495381214,0.5385011718094356,2.036044126905543
0.775392643776824,-3.4099177911925467,-0.02923191315604901,0.5385891984723539,2.0379529144906736
0.7768232575107296,-3.417661104648236,-0.029444927448405205,0.5386780156017652,2.0398646203071644
0.7782538712446352,-3.425274995129431,-0.02965929845827775,0.5387714824678644,2.04177298829001
0.7796844849785408,-3.4329991349324036,-0.029875034319579014,0.5388606476109014,2.0436926118028413
0.7811150987124463,-3.4407663221235643,-0.03009214321440363,0.5389480686373235,2.0456194510890393
0.782545712446352,-3.448472170380997,-0.030310633373721977,0.5390375598138183,2.0475470270606366
0.7839763261802575,-3.456289405756536,-0.030530513077029774,0.5391226851523762,2.049485983508982
0.7854069399141631,-3.464045777118374,-0.03075179065353629,0.5392098980414735,2.051425726975784
0.7868375536480686,-3.4717755894254214,-0.03097447448139913,0.539297898316822,2.0533683663488804
0.7882681673819742,-3.479513626431046,-0.031198572988169863,0.5393853946003857,2.0553160775337047
0.7896987811158798,-3.487327726180834,-0.03142409465164582,0.5394697663306649,2.057273003083578
0.7911293948497854,-3.4951502354327153,-0.03165104799972225,0.5395536086198561,2.0592349977989564
0.792560008583691,-3.5029459079695395,-0.03187944161069751,0.5396382146724621,2.061199833823838
0.7939906223175965,-3.5106821347067054,-0.03210928411298492,0.5397248964829096,2.0631655667318336
0.7954212360515022,-3.518493345773444,-0.03234058418639885,0.5398084198850056,2.0651404618004494
0.7968518497854077,-3.5263813330998737,-0.03257335056185604,0.5398887700996473,2.0671246989633594
0.7982824635193133,-3.534141365710569,-0.032807592021453294,0.5399737841981584,2.0691054817948475
0.7997130772532188,-3.5419768846198196,-0.0330433173986425,0.540055612039244,2.0710955147985017
0.8011436909871245,-3.549887982455948,-0.033280535579193304,0.5401342304111693,2.073094792971233
0.8025743047210301,-3.557739443273356,-0.03351925550103933,0.5402148905796754,2.0750948650998895
0.8040049184549356,-3.565564854934389,-0.03375948615396066,0.5402962741579401,2.077097830758309
0.8054355321888412,-3.573398467939825,-0.03400123658089878,0.5403770642385527,2.079105868127659
0.8068661459227467,-3.5812732130539686,-0.03424451587722537,0.5404559302540791,2.081121011039952
0.8082967596566524,-3.589257322708153,-0.03448933319145778,0.5405301676156933,2.083147535443107
0.8097273733905579,-3.597114860363672,-0.03473569772588452,0.5406091081546468,2.085170624848688
0.8111579871244635,-3.604979219991716,-0.034983618736139664,0.5406874216546756,2.0871986363634605
0.8125886008583691,-3.612885792571335,-0.0352331055316665,0.5407637763131639,2.0892338876488523
0.8140192145922747,-3.6207663591944135,-0.03548416747585068,0.5408408038830416,2.091271987705604
0.8154498283261803,-3.628756020824453,-0.035736813986756114,0.5409131351874145,2.0933215167150707
0.8168804420600858,-3.636618976497486,-0.035991054537022484,0.5409902123096317,2.0953675457763303
0.8183110557939914,-3.644556315959469,-0.036246898653960906,0.5410639045809843,2.097422777364025
0.819741669527897,-3.652536091673181,-0.03650435592013527,0.541135564926773,2.0994852602182155
0.8211722832618026,-3.6604892528895903,-0.036763435972943244,0.5412078779114068,2.101550500067215
0.8226028969957081,-3.6684504942334155,-0.03702414850616582,0.541279518256875,2.103620796957888
0.8240335107296137,-3.6764524786509925,-0.03728650326917055,0.5413490621821276,2.1056981384441604
0.8254641244635194,-3.684429715537177,-0.037550510066816145,0.5414192629478678,2.107778439778723
0.8268947381974249,-3.692346781251065,-0.03781617876083061,0.5414914818981179,2.1098593525877103
0.8283253519313305,-3.7003389354160396,-0.038083519269338346,0.541560245981225,2.1119496128832336
0.829755965665236,-3.7083720006202667,-0.03835254156754567,0.5416268735281877,2.1140469471819503
0.8311865793991416,-3.7163799269375883,-0.038623255687270985,0.5416941338934971,2.1161471729392414
0.8326171931330472,-3.7244279821113033,-0.038895671717602144,0.5417592440994698,2.1182544004353567
0.8340478068669528,-3.7324845404278717,-0.03916979980551983,0.5418235887554789,2.120366678437017
0.8354784206008583,-3.7404150092554476,-0.03944565015553337,0.5418927057390698,2.122475283644812
0.8369090343347639,-3.748452851162119,-0.03972323303019236,0.5419568885253682,2.124595306044631
0.8383396480686696,-3.756531932778122,-0.04000255875022419,0.5420188783986218,2.1267224564940665
0.8397702618025751,-3.7646184396861546,-0.04028363769481439,0.5420800508469826,2.128854510343542
0.8412008755364807,-3.772646182183891,-0.040566480301947094,0.5421432232574628,2.130987223852827
0.8426314892703862,-3.780680959217207,-0.040851097068442664,0.5422055797870609,2.133124824990899
0.8440621030042919,-3.788757008345016,-0.04113749855039636,0.5422657078602773,2.135269577243167
0.8454927167381974,-3.7968733495788203,-0.041425695362882035,0.5423235741048972,2.137421344505863
0.846923330472103,-3.8049974304759413,-0.04171569818124457,0.5423805980173778,2.1395780502834105
0.8483539442060086,-3.8130624242976845,-0.042007517740467855,0.5424395867439249,2.1417353023630734
0.8497845579399141,-3.8211678824185866,-0.042301164835076684,0.5424963045477182,2.1438996211757813
0.8512151716738198,-3.8292813717175354,-0.04259665032067892,0.5425521189436786,2.1460688692046888
0.8526457854077253,-3.8374016902448447,-0.042893985113107665,0.5426070712876986,2.1482429618496366
0.8540763991416309,-3.8454966138472257,-0.043193180188355156,0.5426625538864281,2.150419796928751
0.8555070128755364,-3.8536971123611528,-0.043494246584315825,0.5427128434382247,2.15260790199783
0.8569376266094421,-3.86180680751766,-0.043797195399798025,0.5427665294974008,2.1547944684517506
0.8583682403433477,-3.869923134345038,-0.04410203779442607,0.5428192623387095,2.156985789002399
0.8597988540772532,-3.8781458959287285,-0.044408784990000276,0.542866773433156,2.1591885177299774
0.8612294678111588,-3.8862444489317616,-0.044717448270292455,0.542919081414567,2.161387397525678
0.8626600815450644,-3.8944155840503667,-0.04502803898060092,0.5429675625021647,2.1635954172118654
0.86409069527897,-3.9026918294595454,-0.0453405685285293,0.5430107463824826,2.165814685234883
0.8655213090128755,-3.910812120074586,-0.04565504838480032,0.5430601958700055,2.1680279988480184
0.8669519227467811,-3.918938536050667,-0.04597149008189428,0.543108669327381,2.1702460163566752
0.8683825364806866,-3.9272364359456917,-0.046289905215584445,0.5431488632949598,2.1724797244406844
0.8698131502145923,-3.9354429371704907,-0.04661030544482785,0.5431924290568965,2.1747116459733564
0.8712437639484979,-3.943623380355136,-0.0469327024914945,0.5432364489857691,2.176946121866592
0.8726743776824034,-3.9518438584882034,-0.04725710814116512,0.5432779708977155,2.179187552979762
0.874104991416309,-3.960070664703992,-0.047583534243172826,0.543318483291585,2.1814336740580513
0.8755356051502146,-3.9683048474900726,-0.047911992710397706,0.5433579269692668,2.1836845451302196
0.8769662188841202,-3.976512957084282,-0.04824249551953911,0.5433978152541553,2.1859379420242977
0.8783968326180257,-3.9847927131203167,-0.0485750547118896,0.543433671974418,2.1882003361988414
0.8798274463519313,-3.9930800432980558,-0.0489096823933807,0.5434684317068603,2.190467472431845
0.8812580600858368,-4.001308015054861,-0.04924639073378645,0.5435050992896829,2.192734833414028
0.8826886738197425,-4.009575375059763,-0.04958519196806553,0.5435391811796038,2.1950090494732897
0.8841192875536481,-4.017849559558464,-0.049926098396259645,0.5435721443496833,2.1972879139286294
0.8855499012875536,-4.02616204792773,-0.05026912238298607,0.5436025141007588,2.199573510507262
0.8869805150214592,-4.034384904050795,-0.050614276358439916,0.5436362272149176,2.201857291560452
0.8884111287553648,-4.042710018105907,-0.050961572818011905,0.5436643107575643,2.2041520529598486
0.8898417424892704,-4.051010504715775,-0.05131102432319756,0.5436927558598085,2.2064493649201613
0.8912723562231759,-4.059284393856038,-0.05166264350060587,0.5437215029082028,2.2087489467036834
0.8927029699570815,-4.067629056711736,-0.052016443042896474,0.5437461256619531,2.2110574749069434
0.8941335836909872,-4.075979090902476,-0.05237243570909674,0.5437695394320787,2.2133703917947685
0.8955641974248927,-4.084304240851098,-0.05273063432381622,0.5437932700991297,2.215685760388727
0.8969948111587983,-4.092570855840309,-0.05309105177842637,0.5438188045654985,2.218001213298236
0.8984254248927038,-4.100940102090927,-0.05345370103071617,0.5438385883999687,2.2203277044328886
0.8998560386266095,-4.109283379530768,-0.05381859510503099,0.5438586484487312,2.222656461856589
0.901286652360515,-4.117663965904216,-0.05418574709238832,0.5438759657210477,2.2249917592568704
0.9027172660944206,-4.1259864885320185,-0.05455517015043831,0.5438951043712915,2.227327147930782
0.9041478798283262,-4.134314703608002,-0.054926877504378566,0.5439129698412482,2.229666909978237
0.9055784935622317,-4.142712867231352,-0.055300882446040936,0.5439265026983098,2.2320154268073993
0.9070091072961374,-4.151085656188581,-0.05567719833440711,0.5439402345400147,2.2343661630336156
0.9084397210300429,-4.159463134082941,-0.05605583859607405,0.5439527159495096,2.236721164122757
0.9098703347639485,-4.16784634481801,-0.05643681672472851,0.5439638814808412,2.2390804841960916
0.911300948497854,-4.1762351838139775,-0.05682014628199511,0.5439737219856053,2.2414440995986276
0.9127315622317597,-4.184659979328118,-0.05720584089686968,0.5439807328544521,2.243814047326932
0.9141621759656652,-4.1930276657276515,-0.05759391426571913,0.543989474581478,2.2461839880939563
0.9155927896995708,-4.201432621323236,-0.05798438015339728,0.5439952648140393,2.2485603099753737
0.9170234034334764,-4.209842613643601,-0.058377252391960274,0.5439997414987561,2.250940856711414
0.918454017167382,-4.218225911623679,-0.058772544881748934,0.5440043786406845,2.2533233679480635
0.9198846309012876,-4.2266782881951555,-0.059170271591188706,0.5440044842841714,2.2557144373244453
0.9213152446351931,-4.235062743772608,-0.059570446556458045,0.5440068070310708,2.258104629210015
0.9227458583690987,-4.243533193899141,-0.05997308388203831,0.5440036569068494,2.2605044611914002
0.9241764721030042,-4.252008566511984,-0.060378197740442986,0.5439991020827976,2.2629083826757173
0.9256070858369099,-4.260438264485171,-0.060785802372735544,0.5439955921261427,2.265312836147684
0.9270376995708154,-4.268851359091963,-0.06119591208799914,0.5439917388841465,2.2677198865711525
0.928468313304721,-4.277235028241748,-0.06160854126370328,0.5439881311434362,2.270128595229711
0.9298989270386266,-4.285753426299126,-0.06202370434546729,0.5439764762285425,2.272550248648618
0.9313295407725322,-4.294276318517943,-0.062441415847609136,0.5439633277832375,2.274975819799922
0.9327601545064378,-4.3026745974326,-0.06286169035246945,0.543955226446141,2.277396389676765
0.9341907682403433,-4.311141715953327,-0.06328454251089721,0.5439423082065235,2.2798252979020814
0.9356213819742489,-4.319612371197862,-0.06370998704214684,0.5439279438099354,2.282258055727428
0.9370519957081545,-4.328055388726293,-0.06413803873380829,0.5439136377033146,2.284692414680756
0.9384826094420601,-4.336564969466865,-0.06456871244197027,0.5438945915901605,2.2871349223447686
0.9399132231759657,-4.345047142135591,-0.06500202309087609,0.5438755863700564,2.2895790036351333
0.9413438369098712,-4.353502164722241,-0.06543798567330877,0.5438566218712921,2.2920246845988257
0.9427744506437769,-4.361991694919419,-0.06587661525001837,0.5438344664323543,2.2944761990314766
0.9442050643776824,-4.370515993271066,-0.06631792695024157,0.543809103371827,2.2969335489984224
0.945635678111588,-4.379043552892672,-0.06676193597139099,0.5437821179264039,2.2993944806371527
0.9470662918454935,-4.387543654601841,-0.06720865757911383,0.5437551349214726,2.3018568686736276
0.9484969055793991,-4.396015910383035,-0.06765810710682656,0.5437281422931945,2.30432065025266
0.9499275193133048,-4.404491564863512,-0.06811029995660846,0.5436995182598778,2.306788012622286
0.9513581330472103,-4.413031662396828,-0.06856525159792157,0.5436659733547058,2.3092631285795773
0.9527887467811159,-4.421544396677264,-0.06902297756792915,0.5436323958740309,2.311739614095646
0.9542193605150214,-4.430028665701891,-0.06948349347217773,0.5435987655715245,2.314217312473284
0.9556499742489271,-4.438577418262592,-0.06994681498352788,0.5435601732324391,2.316702733297752
0.9570805879828326,-4.447097951799594,-0.0704129578426339,0.5435215071567596,2.319189330771575
0.9585112017167382,-4.455651534640677,-0.07088193785689215,0.543479470100335,2.3216813595879144
0.9599418154506437,-4.464177045964173,-0.07135377090194134,0.5434373466628994,2.324174534248394
0.9613724291845493,-4.472674007524625,-0.0718284729200832,0.5433951289406314,2.3266687822924017
0.962803042918455,-4.481203609743908,-0.0723060599206181,0.5433495167888811,2.3291683809897443
0.9642336566523605,-4.489704858119954,-0.07278654798013642,0.5433037945722881,2.33166902344299
0.9656642703862661,-4.498238615220701,-0.07326995324107435,0.543254613137753,2.334174925418526
0.9670948841201716,-4.506839364701514,-0.07375629191334576,0.5432000704202212,2.336688463127625
0.9685254978540773,-4.5153453189131225,-0.0742455802726822,0.5431490094105011,2.3391982635659776
0.9699561115879828,-4.5238475199453765,-0.07473783466132922,0.5430963950179349,2.341710677649862
0.9713867253218884,-4.532447254737806,-0.07523307148722456,0.5430366629966994,2.3442328069448024
0.9728173390557939,-4.540914258423029,-0.07573130722380658,0.5429825153113975,2.346748443215267
0.9742479527896996,-4.5494762169150995,-0.07623255841045135,0.5429212508874369,2.349273503672823
0.9756785665236052,-4.558124980406724,-0.07673684165207188,0.5428533847735261,2.3518074378094838
0.9771091802575107,-4.5665589572965954,-0.07724417361799583,0.5427956420955,2.354328935489396
0.9785397939914163,-4.575073168084883,-0.07775457104243688,0.5427315460301616,2.3568587848588187
0.9799704077253218,-4.583708997062589,-0.07826805072487325,0.5426587689496758,2.3593998574483206
0.9814010214592275,-4.592254341590988,-0.07878462952804295,0.54258916581051,2.3619371117498518
0.982831635193133,-4.600799979024732,-0.07930432437896176,0.5425176015364864,2.3644769286760656
0.9842622489270386,-4.6093460011484115,-0.07982715226885988,0.5424440979094199,2.367019319677736
0.9856928626609442,-4.617801710055979,-0.08035313025183059,0.5423737778841111,2.369557848773254
0.9871234763948498,-4.626406898138912,-0.0808822754446832,0.5422929244675999,2.372109369716262
0.9885540901287554,-4.635012330163595,-0.08141460502793677,0.5422100931584602,2.374663329578991
0.9899847038626609,-4.643467057812589,-0.08195013624385221,0.5421338380359269,2.3772089684993096
0.9914153175965665,-4.652011082128037,-0.08248888639658881,0.5420504181132829,2.3797632914609568
0.992845931330472,-4.66061392875712,-0.08303087285230368,0.5419615315825337,2.3823240519234092
0.9942765450643777,-4.66912636954016,-0.08357611303762372,0.5418757928400115,2.384880655267203
0.9957071587982833,-4.677637308980201,-0.08412462444134026,0.541788006111687,2.3874393504039038
0.9971377725321888,-4.68623644683399,-0.08467642461216146,0.5416929587598253,2.39000646334535
0.9985683862660945,-4.694774680432493,-0.08523153115836676,0.5415993044985813,2.3925713580431984
0.999999,-4.703256274829817,-0.08578920947372107,0.5415080976641219,2.3951349716404624
